context	ref	alt	methylation_level	singleton_count	variant_count	phat
AAA	A	C	0	275	458	0.6004366812227074
AAA	A	G	0	4435	7842	0.5655445039530732
AAA	A	T	0	207	368	0.5625
AAC	A	C	0	86	134	0.6417910447761194
AAC	A	G	0	4686	8470	0.5532467532467532
AAC	A	T	0	92	140	0.6571428571428571
AAG	A	C	0	939	1586	0.5920554854981085
AAG	A	G	0	6952	11970	0.5807852965747703
AAG	A	T	0	383	620	0.617741935483871
AAT	A	G	0	6202	11837	0.5239503252513306
ACA	C	A	0	686	1119	0.613047363717605
ACA	C	G	0	909	1580	0.5753164556962025
ACA	C	T	0	11329	19465	0.5820190084767531
ACC	C	A	0	475	834	0.5695443645083933
ACC	C	G	0	234	398	0.5879396984924623
ACC	C	T	0	8282	14465	0.5725544417559627
ACG	C	A	0	1120	1888	0.5932203389830508
ACG	C	G	0	576	1055	0.5459715639810426
ACG	C	T	0	1280	2453	0.521810028536486
ACG	C	T	1	1043	2968	0.35141509433962265
ACG	C	T	2	20308	54399	0.3733156859501094
ACT	C	T	0	9712	17092	0.5682190498478821
CAA	A	C	0	1362	2327	0.5853029651912334
CAA	A	G	0	4908	9030	0.5435215946843854
CAA	A	T	0	768	1317	0.5831435079726651
CAC	A	C	0	1316	2244	0.5864527629233511
CAC	A	G	0	5409	10108	0.5351206964780372
CAC	A	T	0	876	1519	0.5766951942067149
CAG	A	C	0	3894	6579	0.5918832649338805
CAG	A	G	0	10788	19959	0.5405080414850444
CAG	A	T	0	2241	3738	0.5995184590690209
CAT	A	C	0	644	1148	0.5609756097560976
CAT	A	G	0	12114	22910	0.5287647315582715
CAT	A	T	0	755	1293	0.5839133797370456
CCA	C	A	0	3030	5084	0.5959874114870181
CCA	C	G	0	3440	6061	0.5675631083979541
CCA	C	T	0	14685	25049	0.5862509481416424
CCC	C	A	0	3068	5130	0.5980506822612086
CCC	C	G	0	3657	6349	0.575996219877146
CCC	C	T	0	10888	19109	0.5697838714741744
CCG	C	A	0	4554	7902	0.5763097949886105
CCG	C	G	0	5057	9074	0.5573065902578797
CCG	C	T	0	3639	6646	0.5475473969304845
CCG	C	T	1	1489	3703	0.40210640021604105
CCG	C	T	2	28845	73025	0.39500171174255394
CCT	C	A	0	1011	1737	0.5820379965457686
CCT	C	G	0	2189	3846	0.5691627665106604
CCT	C	T	0	19151	33171	0.5773416538542703
GAA	A	C	0	591	1041	0.5677233429394812
GAA	A	G	0	2267	4080	0.5556372549019608
GAA	A	T	0	544	873	0.6231386025200458
GAC	A	C	0	323	559	0.5778175313059034
GAC	A	G	0	1891	3422	0.5526008182349503
GAC	A	T	0	388	655	0.5923664122137404
GAG	A	C	0	1510	2679	0.5636431504292646
GAG	A	G	0	3345	5844	0.5723819301848049
GAG	A	T	0	1064	1671	0.6367444643925793
GAT	A	C	0	116	210	0.5523809523809524
GAT	A	G	0	2449	4386	0.5583675330597355
GAT	A	T	0	297	460	0.6456521739130435
GCA	C	A	0	2361	3964	0.5956104944500504
GCA	C	G	0	1663	2881	0.5772301284276293
GCA	C	T	0	9811	16834	0.5828086016395391
GCC	C	A	0	1907	3161	0.6032900980702309
GCC	C	G	0	1214	2046	0.5933528836754643
GCC	C	T	0	8614	15120	0.5697089947089947
GCG	C	A	0	4500	7712	0.5835062240663901
GCG	C	G	0	1725	2982	0.5784708249496981
GCG	C	T	0	2508	4460	0.5623318385650224
GCG	C	T	1	881	2020	0.43613861386138614
GCG	C	T	2	19134	46587	0.410715435636551
GCT	C	A	0	475	822	0.5778588807785888
GCT	C	G	0	654	1061	0.6163996229971724
GCT	C	T	0	14273	24761	0.5764306772747466
TAA	A	C	0	512	854	0.5995316159250585
TAA	A	G	0	2723	4753	0.572901325478645
TAA	A	T	0	508	813	0.6248462484624846
TAC	A	C	0	274	515	0.5320388349514563
TAC	A	G	0	2456	4459	0.5507961426328774
TAC	A	T	0	279	483	0.577639751552795
TAG	A	C	0	674	1191	0.5659109991603695
TAG	A	G	0	3226	5680	0.5679577464788732
TAG	A	T	0	594	991	0.5993945509586277
TAT	A	C	0	182	322	0.5652173913043478
TAT	A	G	0	5078	9346	0.5433340466509736
TAT	A	T	0	203	359	0.5654596100278552
TCA	C	A	0	1745	2946	0.5923285811269517
TCA	C	G	0	2149	3673	0.5850803158181324
TCA	C	T	0	9540	16164	0.5902004454342984
TCC	C	A	0	2099	3466	0.605597230236584
TCC	C	G	0	1750	3021	0.5792783846408474
TCC	C	T	0	8689	15469	0.561704053267826
TCG	C	A	0	1998	3305	0.6045385779122542
TCG	C	G	0	1175	2147	0.5472752678155566
TCG	C	T	0	960	1857	0.5169628432956381
TCG	C	T	1	599	1443	0.4151074151074151
TCG	C	T	2	15552	35831	0.43403756523680614
TCT	C	A	0	792	1312	0.6036585365853658
TCT	C	G	0	1473	2505	0.5880239520958084
TCT	C	T	0	11184	19223	0.5818030484315664
AAT	A	C	0	278280	480406	0.5886426167292725
AAT	A	T	0	279616	515566	0.5630180854319916
ACT	C	A	0	283885	489346	0.5892483497822865
ACT	C	G	0	442004	764639	0.5878056025151093
