context	ref	alt	methylation_level	phat
AAA	A	C	0	0.6017410228509249
AAA	A	G	0	0.563244944422124
AAA	A	T	0	0.6307692307692307
AAC	A	C	0	0.6155015197568389
AAC	A	G	0	0.5255567131136867
AAC	A	T	0	0.6081081081081081
AAG	A	C	0	0.6120202751629255
AAG	A	G	0	0.5694648569205498
AAG	A	T	0	0.6139817629179332
AAT	A	G	0	0.4883317643561413
ACA	C	A	0	0.6003062787136294
ACA	C	G	0	0.5907702748557856
ACA	C	T	0	0.5392201739419916
ACC	C	A	0	0.5594221930400525
ACC	C	G	0	0.6086360520904729
ACC	C	T	0	0.527808262130595
ACG	C	A	0	0.55474784189005
ACG	C	G	0	0.537897999436461
ACG	C	T	0	0.42163780200983536
ACG	C	T	1	0.2018597442851608
ACG	C	T	2	0.08747367387247787
ACT	C	T	0	0.5458738704700734
CAA	A	C	0	0.5964635301547205
CAA	A	G	0	0.5646173513859027
CAA	A	T	0	0.6245487364620939
CAC	A	C	0	0.5752005347593583
CAC	A	G	0	0.5511517795392882
CAC	A	T	0	0.6057724391057724
CAG	A	C	0	0.6014958072070711
CAG	A	G	0	0.5543581918748808
CAG	A	T	0	0.6099013832814879
CAT	A	C	0	0.5926327193932828
CAT	A	G	0	0.5026550362158873
CAT	A	T	0	0.6061887372669613
CCA	C	A	0	0.5818333159920924
CCA	C	G	0	0.5953458853395388
CCA	C	T	0	0.5610155067033611
CCC	C	A	0	0.5654527839516726
CCC	C	G	0	0.5837199873868192
CCC	C	T	0	0.536455019722611
CCG	C	A	0	0.5484674806877647
CCG	C	G	0	0.5341763091971847
CCG	C	T	0	0.42584859192633046
CCG	C	T	1	0.25370187561697927
CCG	C	T	2	0.10158518975224312
CCT	C	A	0	0.5933481152993348
CCT	C	G	0	0.5867997033641206
CCT	C	T	0	0.5452438410389069
GAA	A	C	0	0.6073247635217075
GAA	A	G	0	0.578312515307372
GAA	A	T	0	0.6287515762925598
GAC	A	C	0	0.5919960956564178
GAC	A	G	0	0.5788800240855035
GAC	A	T	0	0.6164978292329957
GAG	A	C	0	0.5999623493975904
GAG	A	G	0	0.59287912463669
GAG	A	T	0	0.6220794392523364
GAT	A	C	0	0.5931372549019608
GAT	A	G	0	0.5658522050059595
GAT	A	T	0	0.5823653643083422
GCA	C	A	0	0.5754383484162896
GCA	C	G	0	0.6013446707534111
GCA	C	T	0	0.5573949579831933
GCC	C	A	0	0.5779841327082582
GCC	C	G	0	0.6028327793033675
GCC	C	T	0	0.5314442413162705
GCG	C	A	0	0.5276932440657334
GCG	C	G	0	0.5715882279895691
GCG	C	T	0	0.4411764705882353
GCG	C	T	1	0.3023643949930459
GCG	C	T	2	0.12250289122892447
GCT	C	A	0	0.5970708446866485
GCT	C	G	0	0.5933565496919367
GCT	C	T	0	0.5487417003296652
TAA	A	C	0	0.6098967820279295
TAA	A	G	0	0.5646674170552608
TAA	A	T	0	0.6195457262402869
TAC	A	C	0	0.5786379225869672
TAC	A	G	0	0.5380173828481128
TAC	A	T	0	0.6154628687690743
TAG	A	C	0	0.6283422459893048
TAG	A	G	0	0.5614530310041648
TAG	A	T	0	0.6230958230958231
TAT	A	C	0	0.592814371257485
TAT	A	G	0	0.4932557364129611
TAT	A	T	0	0.6246498599439776
TCA	C	A	0	0.5970222513089005
TCA	C	G	0	0.5923404840484049
TCA	C	T	0	0.5585222231184964
TCC	C	A	0	0.588816782372472
TCC	C	G	0	0.5902708578675605
TCC	C	T	0	0.5382448459619974
TCG	C	A	0	0.5669414674361088
TCG	C	G	0	0.5440078862132094
TCG	C	T	0	0.44653381981476287
TCG	C	T	1	0.2549881636794048
TCG	C	T	2	0.1431496596718163
TCT	C	A	0	0.5927576601671309
TCT	C	G	0	0.5726918623012949
TCT	C	T	0	0.564981751324058
AAT	A	C	0	0.614433645232596
AAT	A	T	0	0.5836822834826698
ACT	C	A	0	0.5917317917351939
ACT	C	G	0	0.6009432654100041
