"a"	"b"	"sig"
0.0260905407697683	0.924998157626965	0.0289258280044316
0.0246392887265846	0.929118345725093	0.0310900393734814
0.0259999733672328	0.930002739824579	0.0277817500642544
0.0270867356364932	0.918693717666661	0.0312728635538699
0.0192269837267418	0.924336032817675	0.0313628169178943
0.0320966388813627	0.936939149141598	0.0309341382169585
0.0249507270897348	0.916131546786326	0.0299371316539399
0.0173869606694604	0.934740761426274	0.0268055789633213
0.0234488923802039	0.934290249576377	0.0302908937799941
0.0203034644070861	0.92993492410829	0.0267388940352641
0.032446306974959	0.938337755844466	0.0297119399752422
0.0205939632977762	0.934401759100971	0.0315470601606624
0.022404564805313	0.944124627405004	0.0304688364548955
0.0245537268894953	0.930874798964291	0.0264650942848115
0.0300193702755455	0.934488988478662	0.0265538269515166
0.0233298820406863	0.931535017356218	0.0253687235921455
0.0255012883672734	0.948740789770763	0.0304709544623938
0.0220620678729771	0.944777130053808	0.0277232790027349
0.0272620896503855	0.940364584155698	0.0343872830661952
0.02487186804153	0.94767062631113	0.0244937742671361
0.0206127155218195	0.945310329619413	0.0268147800833464
0.0207226505204605	0.935915536653994	0.0284831593164854
0.0291164784645482	0.912649772958917	0.0327158289807002
0.0315906003576846	0.917804401899906	0.0339422264295627
0.026265058050634	0.929734476738259	0.0289683071170733
0.0236692680717161	0.932917861465216	0.0277432970711159
0.0238047591037872	0.936407605124758	0.031155572276574
0.0236259779433788	0.91242022004703	0.0302134557557042
0.0285807792398941	0.93608102403355	0.0275345024208392
0.0219308074096299	0.934347255081739	0.0295312087727649
0.0193401886346763	0.932432018934903	0.0287796021010502
0.0224811955494561	0.932142828584329	0.0273438181903316
0.0212909187232117	0.935889417828615	0.0319128628005771
0.0216079771540408	0.937137329198209	0.0274414600663362
0.027397974605139	0.930469367171561	0.027932302653668
0.0260160420565701	0.917297103760496	0.0328153274936907
0.0200319149964719	0.913390558584765	0.0311037837295335
0.0255009762014748	0.943729018238392	0.0249282302890072
0.0230645626674333	0.922253976732239	0.0330131002294519
0.0243115485797322	0.926719876494443	0.0272446698095988
0.0269681405181791	0.93213834743943	0.0259968794940995
0.0277548585806153	0.926144316928685	0.0298876582987304
0.0216991506560082	0.919094281346655	0.0315818387967224
0.0290664107558922	0.950998157702923	0.0291586332587177
0.0260861789366941	0.925065607378556	0.0287519903292278
0.0222314613401718	0.916528303120466	0.0279177042265056
0.0232999327888891	0.929155915259051	0.0271893550571202
0.0232510328511767	0.941154982039046	0.029382665397588
0.0282597877964711	0.946413566070955	0.0292020361694105
0.0321018507550797	0.928155204776591	0.0313816944321487
0.0258367943146496	0.932945698402854	0.0288054549865697
0.0325774047762301	0.940354051412827	0.0303177496560725
0.0249790926218221	0.93666617315763	0.0312103866347424
0.0181729604832169	0.930264088642075	0.0300325112647892
0.0286451143762506	0.926314668276118	0.0268973863883958
0.0251224927786387	0.936276228247424	0.0290276121932128
0.0238918856314425	0.938050630203794	0.0301447147301981
0.0218264708477968	0.933640800802535	0.0259386403989897
0.0230205482517876	0.945510711926367	0.0300088949081691
0.0207494975312461	0.921583217832652	0.0279414955190632
0.02579167122651	0.942212150289881	0.0235190971611291
0.0227593837494884	0.931524569700953	0.0254077599157876
0.0266664005819423	0.931727816273895	0.0324626270916149
0.023048064752129	0.945924581954423	0.026898022833863
0.0258526393274992	0.933145491130142	0.0255597792520424
0.025970405736522	0.953385163719548	0.0257164376667223
0.0227131230602773	0.949245643981041	0.0249550635440995
0.023187232352104	0.919886771702663	0.0286407259410234
0.029650297534394	0.930128377170273	0.0348252079390754
0.0257905594870934	0.937356056373176	0.0262063039256135
0.0247164137600667	0.925632261658944	0.0294390475076173
0.0235851962731858	0.931941959558255	0.0282718079093539
0.0265466193587561	0.93556881778035	0.0326017325744773
0.0231424022374094	0.935369219185267	0.024930556978718
0.0283584448273812	0.943210023977203	0.025007423677989
0.0292921762952919	0.913328786824326	0.0354594529738792
0.0221344539400171	0.953078141157994	0.0266215164763729
0.0265817586516694	0.91915022241191	0.032150296850962
0.0234245074895152	0.934351379392189	0.0266667347225439
0.0207808106108625	0.935753495862128	0.0258989336250636
0.0207338364878661	0.926437345328712	0.0290343031787889
0.0238160435435403	0.924344202511661	0.0250622456428047
0.0210242862826128	0.929239959915351	0.0246421496538333
0.0262124641505364	0.92853423525027	0.0287882627815996
0.0186994442861266	0.931727262591117	0.0276419393339599
0.0193495308821204	0.937511728550926	0.0327414696278592
0.0288855988807831	0.930713660750022	0.0317007165328412
0.0314093289264582	0.916868576619377	0.0348975710615809
0.0185696354590128	0.936663940203422	0.028423872645473
0.0257290910388798	0.935826280086645	0.0235518331994118
0.0291707929391149	0.931808153070045	0.0283925846734167
0.024409731915957	0.923723596613845	0.0326224387168156
0.0238786633768558	0.935533780077204	0.032873038915948
0.0247210123780582	0.918434540309838	0.0335281429567044
0.0227006096808259	0.929498365009656	0.0332353279575405
0.0268995145630167	0.93214376965208	0.0389436627660319
0.0243309164778103	0.938604220413752	0.0338720159076855
0.0294581508514708	0.915925463837426	0.029429717871126
0.031138687872875	0.942304539722306	0.0278218232563739
0.0252875369902163	0.926442612145242	0.0293424412736213
0.0303139527535971	0.936932333541652	0.0316295228360131
0.0266909794847069	0.949970214337223	0.026469777657387
0.023701433484802	0.926340121840475	0.0267571778325274
0.0171678133802695	0.952899785259466	0.0296355928639895
0.0211394200417815	0.927305986867499	0.0319319644200382
0.0165072809324627	0.928099601842736	0.0268027665497799
0.0252706987407144	0.936844451593916	0.0320749689998602
0.0252207357002614	0.918355837364117	0.0365388859508232
0.0250603200420505	0.944113139811764	0.0246164824064461
0.0248551489291883	0.918177117652644	0.027746735797447
0.020902896262972	0.92950239089435	0.0309890836226945
0.024707538010162	0.928253459322888	0.0250895517756374
0.0235123290183917	0.941611896038828	0.0263764924128646
0.0327980434991425	0.929725912043173	0.029192657674629
0.0225481124506569	0.947585628271754	0.030450032597329
0.0235566784754442	0.932226686378873	0.0306288745595374
0.0291663564396233	0.930545692745627	0.031164219393281
0.0263321443890857	0.924819526377832	0.0356812219866227
0.0195792115104156	0.937125169572046	0.0338008151504486
0.0276964088543273	0.928905225493087	0.0292519255577703
0.0271180115831486	0.928067961518975	0.0298513110973132
0.0229223412627803	0.93208706511789	0.0313640603157272
0.029013972769732	0.943052557155148	0.0228178093191839
0.0229331840147571	0.926826323912906	0.0309946176676493
0.0259231326611569	0.921167892708056	0.0269513958629635
0.021334558906336	0.944986466262731	0.0284070991022087
0.0206351398968301	0.934062417770974	0.0354578278835754
0.0200512935293447	0.951565177878522	0.0301569274570035
0.0179937299609929	0.932349156055271	0.0225694020682915
0.0228341560172754	0.947272730624299	0.025172045318659
0.0229711158605328	0.937981806483554	0.0259644985437331
0.032900729390279	0.917723475095715	0.0376111289175296
0.0180152601883711	0.927842474596474	0.0318009102545344
0.0239051391854831	0.939776048523732	0.0253614293060998
0.0224335782961046	0.928037965082736	0.0282040613362624
0.030185526259938	0.921898340102764	0.0305744967314806
0.0220827831555118	0.945730350944631	0.0335902031658376
0.02703643660462	0.929855140596402	0.0315894818420096
0.0233713978959871	0.947888494658596	0.0249926238940292
0.0255303149741372	0.917725381132831	0.0280464994426262
0.0266335030638089	0.937110614530263	0.0280711633670061
0.0298870724786368	0.934932896027811	0.0275257914221915
0.0262561387744284	0.935800651753802	0.0314569706466513
0.023163829119135	0.920243424730242	0.0258650026011615
0.0198036258898635	0.939512963829584	0.028878591398654
0.0226452343672583	0.935174978366976	0.0298788808647878
0.0242999553527317	0.934084502220982	0.0253666567755185
0.0294662134558986	0.921333754948146	0.0363320397994561
0.0214686704839147	0.92728840447895	0.0299482427368836
0.0218542637065746	0.958846857805949	0.0297733268977722
0.02899686317006	0.926061971388202	0.0321071516902242
0.0235117259187492	0.938653708124255	0.0243462983939547
0.0240842916357941	0.929763968190717	0.0298895045067097
0.0215840805291085	0.922741525307283	0.0282120925380715
0.0152071704701937	0.937802654281148	0.0268168246226911
0.0202743042545402	0.953882479607931	0.0321242491625619
0.0219716275689387	0.944034474973857	0.0336645664265872
0.0299190083726909	0.934841365546777	0.0318274269372248
0.0315114498983177	0.935294075599484	0.0338079187299213
0.0270655238181565	0.924681686028189	0.0297195464501218
0.0276260161709419	0.920112346995481	0.031811788696515
0.0227220864017301	0.931985817666517	0.0293915960287154
0.0228416251725128	0.943465704877747	0.0303008285640933
0.0208361607756535	0.931602383390132	0.0309671815632531
0.0226931848834309	0.936124613397369	0.0282166575573408
0.026104522290897	0.924130800595423	0.0231200970469048
0.0266460325719162	0.935959698139517	0.0286452305558372
0.0252249992456848	0.924816341762018	0.0281322163387365
0.0299421019044687	0.92850502110362	0.0283723772623814
0.0226171869161717	0.939996521198668	0.027351955263188
0.0237882108849357	0.936091245622168	0.0240965112063593
0.0241393182956477	0.940499941705294	0.0301253477573731
0.0194201140817478	0.949422032587428	0.0279792234528198
0.0249633918384477	0.934315092334903	0.031535064679807
0.0291363280197403	0.936437090817792	0.0270226714808852
0.0240334764737824	0.928866886076694	0.0305444589396259
0.0306881750611786	0.947535580448415	0.0308967599297309
0.0219449038470839	0.943768900998243	0.0227964048714112
0.0243550398657642	0.920890647172084	0.0360088550197769
0.0309659658708443	0.940818948569522	0.0287123202632436
0.0245784476659165	0.952169477505174	0.0209536225558311
0.0258905626697839	0.931084121390345	0.0302526154000213
0.0255689912772513	0.935043680518657	0.0297466191443919
0.0244787741981971	0.934604141110589	0.0287012282330394
0.0279036106143278	0.94562743773983	0.0241352780895269
0.0174476719960725	0.950021925402109	0.0226492393369566
0.0231906905791105	0.939995547330389	0.0281202028529256
0.0229291252193505	0.919190912802672	0.0323733263537111
0.0222761158872738	0.909901112962604	0.0354983026267929
0.0204120804320123	0.936396074853904	0.028677115489739
0.0208514018120153	0.917789158517674	0.0365875033020781
0.0170314965860157	0.936404746011608	0.0287697534437102
0.0227682771518426	0.934638103786431	0.0303513881253369
0.0299159335754532	0.917240740676486	0.0294327508870141
0.0319595292685967	0.924399624639614	0.0260527175383975
0.0269172536587609	0.917460695113491	0.0305231436401429
0.0270224017777703	0.938283239268411	0.024539216301606
0.027826781293154	0.929121128046129	0.029971458677373
0.0257022319013418	0.929586291964916	0.0353765013977768
0.0273534375132783	0.936720287167277	0.0276883216894048
0.027593405891682	0.930382523061395	0.028595694774492
0.0286754723214486	0.918208474693404	0.0330068589196778
0.0227910341709909	0.942260862443601	0.0286610563206936
0.0268919317788127	0.929361051720758	0.0350020773533964
0.0267433033000537	0.929341986685172	0.0294791975991687
0.022999126741563	0.929139380885573	0.0307318026800765
0.02415373643906	0.94903034918147	0.0285514906289306
0.0274391015183056	0.926941783455599	0.0317770211160232
0.023147875961198	0.940333864476023	0.0277853164978685
0.0139597205277186	0.934255923557253	0.0241224772089845
0.0208174138959	0.944073607424234	0.0279694212026504
0.0218504112012086	0.933606359526835	0.0259193837411953
0.0247812304410395	0.941758197477552	0.0260929238441218
0.0276268075926196	0.92528918163362	0.0253049341222021
0.0260455386710916	0.951900164903018	0.0297124843524826
0.0219369553278317	0.926931242489352	0.0328311775011537
0.0237626161316635	0.937222108167548	0.0346890652934772
0.024002167349821	0.923379682854739	0.0290958663153573
0.0217557455542207	0.932852315482806	0.0322659287357153
0.0227545197870224	0.938045999916152	0.0308819073245358
0.0245033083461236	0.924554588585411	0.0252102650481389
0.0239613149995813	0.926955552991679	0.0248617829270356
0.0244366092637608	0.929634806579826	0.0274986003853584
0.0256047576779804	0.933482181003204	0.0304137778147153
0.0284281409004702	0.941368896390219	0.0303244985657823
0.0202344984170018	0.929883531504588	0.0269482899885944
0.0259967870190841	0.925137704623702	0.0292452271203425
0.0214866796972638	0.925123403792552	0.0324491036970959
0.0228474556747778	0.949897513903516	0.0270078569564875
0.0177064140781439	0.93895036074029	0.0272121270900759
0.0305642212357082	0.906659664126368	0.0292401879658761
0.0325648765021118	0.923292742759812	0.0235368434492287
0.021867953894185	0.939483036382031	0.0281900176013447
0.0203240248181654	0.923543146446866	0.0287947131225012
0.0246344774969345	0.934399034236577	0.0248575630677234
0.0221645350420529	0.927244444208274	0.0334526303185794
0.0196239158769785	0.922665052061733	0.0310818659943244
0.0260196612814988	0.931739554105545	0.0262139925133404
0.0287906706248773	0.92743358368755	0.0305673838224913
0.0246876869392069	0.924905012003681	0.0282855255139951
0.0238294597439602	0.929512854730249	0.0276740498729704
0.0310555738304557	0.943721321780881	0.0287296136383314
0.0230903012137578	0.932777174226319	0.0289748503076389
0.0318218028234338	0.918701729434868	0.0268986665763781
0.0270995769496162	0.922499249063039	0.0343147121935608
0.0245118851118563	0.942979115949143	0.0281193204729828
0.0284460745316604	0.938094619852546	0.0325060817459243
0.0216473250205747	0.926932878122848	0.0341282160769051
0.025943782593495	0.91827297054513	0.0292247711003796
0.023854497446126	0.960316976052092	0.0302897615579795
0.0205198359903707	0.93519776663761	0.0247728913846056
0.0229836502877705	0.931551514992876	0.0226265007000088
0.0286622269390861	0.929572912240065	0.0312348876936989
0.024713854188468	0.913860875097897	0.0320786402671491
0.0221647516386102	0.92758188251572	0.026726309056316
0.0216721612271919	0.929049768810521	0.0300242377642704
0.0293672273571847	0.93285248015911	0.0274130786236098
0.0225562222643481	0.9240208323449	0.0276636445825582
0.0229516575466361	0.949867139678921	0.0266674258144995
0.0301267563323114	0.956220925909931	0.0266059596812009
0.0282260635577618	0.934646421348853	0.0326778519323117
0.0262443286445723	0.925360438283148	0.0313062754825203
0.0217281342432111	0.928098142595348	0.0361340765756023
0.0196267828839952	0.930759426732067	0.0282008290076961
0.0208006300697869	0.941147310456169	0.0238773308204366
0.0250819439188027	0.934587458250052	0.0311575008005769
0.0271433425802753	0.922944584740226	0.0312578323249721
0.0208868816182287	0.926946857762545	0.0279810987651125
0.0266056466211852	0.947680880801551	0.0226279036255089
0.0253462292255329	0.935218703080697	0.0271404560367211
0.0335371130150117	0.927398999367814	0.0371124946177781
0.0307095523098445	0.940677077895628	0.0278041273638641
0.0232776360599975	0.927852288878099	0.0322523900109811
0.0220575286041405	0.949458157833299	0.0241798798550711
0.0271151084375358	0.934831547149211	0.0273379688513657
0.0252886920218138	0.932268327411316	0.033830489871811
0.0242195531203315	0.917538304204461	0.0310801105016633
0.025918715554363	0.939019116693895	0.0287912901322718
0.0250588536047295	0.934973549012463	0.0265567661020038
0.024335161418402	0.936690909865193	0.0327182499802587
0.0210069839737196	0.928694930070102	0.0319364367813766
0.0274270655172798	0.938745034093755	0.0296578821577852
0.0251296606678573	0.934074523792095	0.0242124109419604
0.0258212091702156	0.924080893183121	0.0314695256705897
0.0179053758591154	0.925096158336379	0.0288499197858414
0.0250248924515921	0.936471000257184	0.025933656651477
0.018994305325871	0.931378031651904	0.0267441510715446
0.0270860971866706	0.952691776926825	0.03281892596233
0.0289211299278251	0.929971880761346	0.0261623965090216
0.02423316939754	0.932982020879933	0.0225451654575679
0.0207513365049062	0.93249899531341	0.026595010025537
0.0226546775298297	0.93906188425514	0.0252207670183625
0.0267835825451804	0.932259996257707	0.0316938673417391
0.0233548551930226	0.931018535743385	0.0294528442368586
0.0236426137868409	0.933949924778264	0.0272331553635004
0.0229822927622806	0.942497669089363	0.0281258188347803
0.0263080907056224	0.927417407850938	0.0287597643226882
0.0227023918729397	0.940692807661069	0.0282995122427745
0.0303182725846289	0.917054994899916	0.0280375370686224
0.021602212972324	0.92641822250168	0.0303053113233809
0.0192710281857832	0.931016183703607	0.0274734733122539
0.0273878660958572	0.947799421688205	0.034538582628739
0.0223182820513892	0.947768893506123	0.0279865568357838
0.0245764672601124	0.9182774876985	0.0334540141179052
0.0316183553157645	0.935738068542185	0.0272001578086227
0.0210345965756023	0.948265871501134	0.0300277623868878
0.023901832566747	0.935379383666453	0.02567774082728
0.0293395079609232	0.940296795027684	0.0286553556750723
0.0214315009248879	0.928268955178504	0.0339210686091137
0.0202388199999752	0.933318889363536	0.0259051139048713
0.0278904798072625	0.951994620223415	0.0286930827646334
0.0310828939551217	0.92356912850396	0.0305802033917497
0.0223287208822635	0.937969109365077	0.0290312718486705
0.0216558929407165	0.93500787624142	0.0299725202520982
0.0247608679635781	0.931782115869357	0.0289998759473281
0.0232147227080852	0.933411082267225	0.0269355765571135
0.0198595070648436	0.940052472351052	0.033202736850343
0.0202837636028812	0.919145899211561	0.029283192239722
0.022380482173186	0.926638541249163	0.0280348096693072
0.0247313462225395	0.925980760415075	0.0246964137714276
0.0276993799576675	0.933513130647657	0.0272241043260186
0.0181397427586568	0.922701620564631	0.0298079776558213
0.0252043306892131	0.923302498022327	0.0326287816585155
0.020319939790807	0.932070555964711	0.0287873037502672
0.02576171287006	0.922311966260044	0.028336068887013
0.0212950084119738	0.948456555896594	0.0294034710241801
0.0197333029192421	0.945134241144209	0.0256956706259502
0.0238962128967815	0.935040442901306	0.0313380871989806
0.0244773053992877	0.928146512527535	0.0318249072708073
0.0249355119708931	0.928549426174218	0.0262843696019666
0.0246313535491447	0.924539524542683	0.0356429259719245
0.028877035233619	0.939292164115137	0.0359155926618556
0.0276217218696768	0.933289478157511	0.0305095289488086
0.0235068442841215	0.919623097955814	0.0265725861309796
0.0243360012829874	0.930623827655858	0.0303103607720071
0.0246554883886857	0.93287100052173	0.0330751187334178
0.0228604570387738	0.932300853177875	0.0247753120135237
0.0204962606338893	0.938410687998067	0.0276719558305748
0.019410382270907	0.93122653665254	0.0278151392753816
0.0236714288757075	0.92563649695587	0.0287765066547911
0.0251025926447014	0.935065644033834	0.0338828858913636
0.0243550749130086	0.942465117548213	0.0273412942854671
0.0281662519453694	0.943538965377538	0.0342081531691002
0.0193888941427	0.935700645422654	0.0256266112771698
0.0231435447323928	0.934757883805464	0.0264525832721737
0.0304631242838528	0.946246686784015	0.0353430398513145
0.0276488134629889	0.924297303205158	0.0300159937708513
0.0166048858564473	0.927856628186257	0.0255057815490756
0.0228813495559678	0.927129752379076	0.0295296098405532
0.0210538425321848	0.941585196304508	0.0248628899863067
0.0213503294676451	0.93690122506265	0.0293019913202296
0.0236800396146698	0.929063950771717	0.0286468432723993
0.0282684417885048	0.921246843790823	0.0371227271086224
0.0193569830569475	0.935402703079948	0.0307451235580206
0.0235086364374255	0.930880393070774	0.0238324721683894
0.0238165030339902	0.939723293425997	0.0262569629302477
0.0237483022242546	0.946212260176091	0.0244331282321312
0.0302543256220224	0.947235957862227	0.0369692791482117
0.0327554711537485	0.917425325555999	0.0390306527365722
0.0233258153845675	0.928195886520985	0.0270953743907733
0.0258962271377916	0.922900686572679	0.0357082224150988
0.0236394653022001	0.929557297081251	0.0315054923636809
0.0297734876664401	0.95207347796703	0.0358394264096749
0.0220115310175444	0.926946567639078	0.0348813845261163
0.0272543087609006	0.914055916422544	0.030995677277144
0.0258342123750749	0.927235430793717	0.0284598606585072
0.0317114383489193	0.948530705929883	0.0334224367329519
0.0246873954336839	0.947896379874357	0.029113260052428
0.0237850831156974	0.942851070046651	0.0264201971201076
0.0248576585118312	0.926447400408658	0.0298602436120475
0.0225027371742136	0.937667439854706	0.0270677246268719
0.0276237139814009	0.928104889719908	0.0301400307909304
0.0250714652035642	0.937273241864167	0.032006153968756
0.0282748539380045	0.919909755332333	0.0345525544185048
0.0189919347787552	0.939617293673474	0.027725691975158
0.0218759650622672	0.9294527285889	0.027691429772091
0.0219581558380126	0.955863291303311	0.0274167997179542
0.0206740403680442	0.90038457539033	0.0389687378448551
0.0178561007367268	0.941770178992864	0.0272564207912457
0.0230954479477754	0.936032221547466	0.0292543672975827
0.0288828800230029	0.928240680605024	0.0305783690158424
0.023883970297369	0.920861993005987	0.0298395044976972
0.0291408217208529	0.944909369280322	0.0261970077917497
0.0263636530364302	0.926718645272818	0.0279098315803433
0.027895021709318	0.92904565315845	0.0312699289014251
0.0239294898440124	0.925723369491769	0.0309211509592276
0.0235888026655837	0.918710807541342	0.0358447502778911
0.0298479038588842	0.93337493420455	0.027169298303594
0.0181110788565952	0.934432038804127	0.032057818343433
0.0261055417164165	0.940538066407944	0.0269069466985913
0.0246250102674945	0.942804871653009	0.0361414304712346
0.0238706106285859	0.936475224270421	0.0270271593137142
0.0258293983375485	0.934977302480675	0.0271379797694853
0.0210439262131391	0.944302442957634	0.0250818174372896
0.0265494769579956	0.93362865830453	0.028364681928207
0.0256044964496428	0.923143577367484	0.026853094418042
0.0198122341614495	0.957661705425305	0.0233691371143373
0.0303016132514542	0.941595253896324	0.0246165607974534
0.0282220411610279	0.92729896750661	0.0275974083244908
0.0195492012074187	0.9440082305253	0.0255473349575009
0.023290344620002	0.946891195124893	0.0288385990160528
0.0262768199828087	0.936317615762588	0.0235293445648427
0.0224962353469345	0.916562885635035	0.027016769987966
0.0227630809393038	0.939375324121578	0.0270270890218776
0.0242863589113792	0.924222366223551	0.027931439787364
0.0212420795922199	0.950151486429954	0.0283714040245212
0.0234948708774628	0.930441982018126	0.0315251608097612
0.0222225318602621	0.944219861725993	0.0272068462327845
0.0254406024392023	0.918344925777708	0.0282053210032162
0.0225626713407175	0.934059624685581	0.0336540559521691
0.0295309895174605	0.923630087215716	0.0251475825630201
0.0283521632533789	0.930218566715313	0.0251477033358775
0.0234054712842287	0.928068783766345	0.0294961719360324
0.0299272605532646	0.929243097462131	0.0298009685070528
0.0290010907548347	0.935806836829844	0.0285056942419174
0.018483545181531	0.930113536275615	0.0302212036832986
0.0274420723409592	0.951188631174459	0.025892811181827
0.0239148770751074	0.925025993330667	0.0267273151895105
0.0232523659969463	0.931532327207868	0.0300881980935251
0.0277861254713899	0.938302158975888	0.0289229733461772
0.0231621719006201	0.925607382668951	0.0258258283886092
0.0214849874548439	0.93671932101796	0.0255067899671757
0.021392192628902	0.936739801606975	0.0303310174657418
0.020872131882124	0.916782638916123	0.0312044369932269
0.0237980322279869	0.928602866313869	0.0285059729740948
0.0301641174644154	0.928300335941689	0.0348050124569614
0.0217533993508945	0.923793336447593	0.0231209683731284
0.0293918070274653	0.92346537404525	0.0308157996914299
0.0238185254883065	0.929624435273553	0.0330500946762581
0.0247470269055636	0.928949738600755	0.029183946782887
0.0157995577257524	0.949159990574046	0.03282024786571
0.0209949861977408	0.94014129221617	0.0290906649618795
0.0291544079757848	0.922858206528505	0.0327643662390995
0.021619030538767	0.93029344958467	0.0304240026031503
0.0244327502588425	0.950583988375353	0.0258907529214286
0.0245041001197973	0.953106921678897	0.0314294334351636
0.02062315568596	0.938979225127637	0.0273089861551969
0.0249695215065959	0.935473806150277	0.0295912981406969
0.0257936015457449	0.934213817192487	0.0327398439932922
0.022040243369462	0.916335948166514	0.0311637290817152
0.0231969115496784	0.939513419647969	0.0280100130533498
0.0197428293981933	0.942265719680552	0.0218634271290337
0.0207192869896877	0.938501558315974	0.0274114503918972
0.024623602083364	0.923170760930305	0.0279666832471689
0.0270069791302247	0.930010638733349	0.0300345441764263
0.0264984003243067	0.920540683918469	0.0276480146577317
0.024917559131853	0.947278351529049	0.0311737205225442
0.0246650889568456	0.946859733343767	0.024845470634423
0.0249129172365471	0.931212821285847	0.027354678486296
0.0332869481372559	0.933395876604468	0.0285784472731738
0.0255772217220332	0.936600559722313	0.0292987650093442
0.0231552794688306	0.928417320173008	0.0332489622661589
0.0256068563678126	0.924815225408775	0.0347016324243627
0.0210188953507609	0.932464660003305	0.0340197883849722
0.0271888740979737	0.951629340240971	0.0245422934039364
0.024326651863695	0.922295711027415	0.0272134549525123
0.0205952780105673	0.944798608307839	0.0298259206907077
0.0230905370084159	0.930415691143348	0.0264430362786232
0.0237349868833587	0.926525507646949	0.0308333195032339
0.0249803530349889	0.940569940354822	0.0357247778153562
0.0245822592691094	0.93286720982275	0.0325373115512861
0.0159865886208711	0.92783827031298	0.0276154096495489
0.0256035716841703	0.92338048494572	0.0278376243913697
0.0246611294548544	0.938982882869222	0.0284917934407313
0.0240764168050441	0.936312425144901	0.0324974572878563
0.0219927668394845	0.934240004887717	0.029816002136072
0.030305406531275	0.931578690253263	0.029576003718144
0.0213903227078641	0.937899906108303	0.0336822246428402
0.025829157275092	0.925581239374332	0.0285947471360747
0.0276622280870887	0.922356798841948	0.0319510608478218
0.0271445547924148	0.920117496680459	0.0310618562485442
0.0228308773494781	0.927515180084562	0.0238780358656439
0.0227016425714143	0.937868354704589	0.0254823415861604
0.020174751715354	0.923448242544926	0.0277889419114875
0.0267848148539451	0.946667390557511	0.026878562603137
0.0245766265190225	0.929880439206408	0.031202723721645
0.0318789959404736	0.947355905472482	0.0326740710330844
0.0218872824213118	0.933603230479138	0.0234490820964624
0.026528554785147	0.920570050209714	0.0271327314282371
0.0215957253866982	0.937680028307767	0.0268310633692457
0.0297956254737011	0.931742458581995	0.0393419677778555
0.0238482563863912	0.948569299232088	0.0278177983643354
0.0255135621801993	0.945544830071331	0.0280825083706566
0.0212717488191899	0.9384958549741	0.0249134846648373
0.0210584361453911	0.930412928401312	0.0265969739948516
0.0261679322688558	0.922205050524117	0.0345224556741535
0.0205346891783679	0.942743731884686	0.0273421541452698
0.0244531655051782	0.938934650050967	0.0317062029454402
0.0219641604292866	0.933001837091407	0.0255277283341605
0.0229655536097283	0.941985081690443	0.0267393779162332
0.0212871059102582	0.947901503184292	0.0246075495685883
0.0303033614336808	0.931066183068034	0.0351099390849748
0.0241103770819452	0.94296599759612	0.0255945374360088
0.0256440823920862	0.932386529368045	0.025168772326934
0.0207724532199971	0.960125710490141	0.0284218771130921
0.0251198557678894	0.940480018750443	0.0307169381420614
0.0270034028216123	0.938352436360987	0.0274073810198919
0.0256567226856325	0.936793502685972	0.0317140690240637
0.0229137182498775	0.952406653995991	0.0258290189749194
0.0196375401471707	0.933582295161121	0.0308787385950146
0.0231070125010801	0.951239694607763	0.0297957285009673
0.0191032837012959	0.942972168202988	0.0288039900537741
0.0245886916983371	0.920481690413986	0.0333089436952071
0.0214592952496242	0.938948431637077	0.0222835543150962
0.025161269212252	0.933473194560895	0.0280359175291915
0.0235110619654244	0.9347377519897	0.025257698994625
0.027156205496376	0.93592488673114	0.0301614918842572
0.0262905272440475	0.924071938581687	0.0289653687999298
0.0235502390310147	0.932398387822439	0.0276796694421403
0.027299496965764	0.922341221184068	0.0281520109614585
0.024114978059409	0.933200660328724	0.0289760641624604
0.0246357499007547	0.92032310791015	0.0257678763649693
0.0214235104491874	0.944255333328456	0.0275370876012807
0.023801983808026	0.937595041454801	0.0272547552916257
0.0252535034999339	0.928139545070863	0.0302845986474835
0.0275102409130513	0.924453770954642	0.0286517019505452
0.0254149370961698	0.930171599756668	0.0243926943228816
0.0268457291648137	0.933360698773742	0.0282179557380629
0.0276870149283961	0.928935478017654	0.0290557821258669
0.0255468903982892	0.943510887765966	0.0300809344515515
0.025349594227716	0.937709731690805	0.0290233043065929
0.0248944162135146	0.940400704774947	0.0244548848083462
0.0211482081576746	0.948174704771308	0.0263341299284185
0.0250567943851699	0.914184146266207	0.0302443499258646
0.0201513948195475	0.936462312050248	0.0337768188675216
0.0265086277570308	0.931207033950667	0.023199949867767
0.0229445273523728	0.930651589761428	0.0286483356640656
0.0252363479830129	0.917604426501532	0.0306639908316609
0.028414296228618	0.9292750454485	0.0317851142173481
0.0245885022446491	0.931585700231287	0.0334687598472407
0.0258564839851833	0.923883985622738	0.0290315947480543
0.022659688457231	0.928918659707903	0.0314236504004678
0.0247924791394133	0.92740195789891	0.031987594984484
0.0269223318937742	0.935442328613338	0.0255123348870804
0.0228303990740177	0.934613131065762	0.0260493163004241
0.0258387095503718	0.928195961947978	0.0354632578448236
0.0246166263854362	0.939320629691716	0.0289749002749726
0.0225981019580993	0.934870612397353	0.0281816896797697
0.0256810361033245	0.931930213730866	0.024571956260472
0.025213507928934	0.940018005959467	0.0275106368940151
0.0232277636545432	0.955122275288423	0.029419194150258
0.0274487965991265	0.933089647807569	0.0277454066434789
0.0252837068605007	0.926214055045441	0.0259694538407226
0.0236329311956503	0.922132821428883	0.0250381116269648
0.021431420327658	0.932059600692822	0.0265625777182501
0.0259570408098483	0.944010994170362	0.0255892516894958
0.0238008825130288	0.936930816970918	0.0279380003660326
0.0158457442967382	0.953843157077425	0.0265039334390774
0.0227053738687806	0.953893190371294	0.0254479929788343
0.0225034955592421	0.935704206221569	0.0265286896027525
0.0228452840833374	0.930625659506087	0.0289318152910606
0.024398865032976	0.936997150398822	0.0278394401763237
0.019368091813256	0.948379514293923	0.0265374691542649
0.0265306711028403	0.92875112085175	0.0320351182343761
0.0274963673082906	0.937554133097218	0.0278105725979376
0.0328955070481406	0.919139111799797	0.0323748412171911
0.0263161871742927	0.941581356245635	0.0340473290652459
0.0207513371591232	0.940385812293419	0.0291772767717436
0.0236882389818393	0.940742882078719	0.0264244145317276
0.0269943914234579	0.917836226800542	0.0303969716416598
0.0197788796622786	0.930840683733282	0.0280162879826894
0.0181419955794045	0.933309061628843	0.0262670847884631
0.0233877237945552	0.955082493239626	0.0316712215902854
0.0241276691456449	0.921480464127703	0.030122443272353
0.023886793710035	0.939135584487239	0.0300017176947956
0.0299335076325952	0.94597942870324	0.0310662725975857
0.0237048818879328	0.937365586393011	0.0342585733409962
0.0227287192416094	0.913150695141175	0.0304219278695988
0.0290938853479996	0.947572906253783	0.0311552461056097
0.0339104454586007	0.931857270932334	0.0333206420033504
0.0244329077240848	0.926038151726227	0.0243986274842007
0.0192707590700976	0.937362018147561	0.0264285736937609
0.023279284106388	0.918540684602463	0.0319535881286605
0.0233071572265518	0.933028834033511	0.027770399915306
0.0247948689148282	0.950431229839205	0.0255158118419227
0.0261499353603507	0.948872709471877	0.0292722517093835
0.0288625016279104	0.92237447089301	0.0281965143532255
0.0199023528240114	0.939954780872945	0.03194326108673
0.0284106260783441	0.924995158608015	0.0257037304418152
0.0338884037868569	0.93854112620711	0.0300361007649587
0.0249063430553509	0.936898329609347	0.0323255762808864
0.0251599933945052	0.931247460128311	0.0242639779780322
0.0250300792555836	0.937369546785234	0.0295608869509072
0.0274850398965238	0.930398544185658	0.0278979935871968
0.0285272409142837	0.935395321201769	0.024420133615508
0.0291232885540496	0.930887641857501	0.0299741249733852
0.0233084691079536	0.91952894990328	0.0286242914442472
0.0248566621820468	0.929333929162339	0.0311455521383489
0.0256000771911526	0.927797521253519	0.0276406384773163
0.021364219749635	0.935406782352223	0.0279671858486972
0.0252413348651813	0.924538305334982	0.0351309246576995
0.0217990113659815	0.927359623597184	0.0324404708005247
0.022918203492091	0.930474501692511	0.0302822092884726
0.0166236903757703	0.939034839509196	0.0308369770456123
0.0212290510521155	0.925403258313158	0.0278160646445984
0.0307777335362442	0.931365329734182	0.0297284165210455
0.0213251917010224	0.935259198583964	0.0283297167507289
0.0275103828372381	0.920367096525761	0.0283659363827914
0.0211676140199014	0.926560912992433	0.0252004730403692
0.0292168239363591	0.920591572050441	0.0286677192721611
0.0216274753987429	0.930049738881255	0.0284519343213187
0.0276442050992278	0.94546358173426	0.0291805826680267
0.024826330964542	0.907396124701177	0.0344739741613254
0.0232179314299799	0.941823543988472	0.0282772586281687
0.0214706521768292	0.938448583086299	0.0291191968981292
0.022955169037569	0.935152178876241	0.0237699342771399
0.0275359160416393	0.923186706558481	0.0326757474854435
0.0228574251601964	0.939573965936389	0.0257177886908121
0.021935502220699	0.945026100346581	0.0334840058888273
0.0253074403274291	0.933977150181443	0.0295751522695843
0.0167004255416837	0.931551818920982	0.025806441260236
0.0231306556827857	0.944292888582002	0.0273698851451494
0.019534373877634	0.940502500225881	0.0268855506285143
0.0313881618002815	0.915303022732255	0.0288297450048759
0.0264604770853259	0.931742782194159	0.0305251687396184
0.0245475425545179	0.908219302949549	0.0296924906966401
0.0310555917072681	0.916732384784359	0.0318045943585317
0.0265177626732558	0.935174145518764	0.0255985650102562
0.0244789440411433	0.942665667574738	0.0275085054821435
0.0300991855353426	0.932288470432966	0.0297580747186875
0.0259650499154643	0.931925046120096	0.0320096858063762
0.0246269658655641	0.953088550875255	0.0353045033365185
0.0238311772820798	0.932708482935724	0.0303617127109715
0.0223923423287702	0.947890071050542	0.0297923028706548
0.0232780300373575	0.932825079549236	0.0273760144673015
0.0255463396521449	0.936818108769942	0.0293309415374612
0.0278422707920336	0.924678914274322	0.0295126641161166
0.0256232907241329	0.92974090587819	0.0250370135219651
0.0248839357924835	0.927398213452668	0.031837281639091
0.0194031552688723	0.943383324618492	0.0263016626529414
0.0184278888124355	0.939897821923395	0.032502448414204
0.0214074417035711	0.937053762294899	0.0244691238885314
0.0218344015610547	0.934344387931254	0.0264740475656909
0.0221502220624986	0.942208008286195	0.0263416049345644
0.0252099644963877	0.924028553422016	0.0285252823019478
0.0216473382145086	0.93531647901733	0.0273674455692824
0.0236422389223584	0.933882602914062	0.0285052073290438
0.0239048160038683	0.922930674373846	0.0250507717706373
0.0246278459275411	0.933803360501158	0.0239523936481604
0.0210031886323713	0.931949487588604	0.0268867178504753
0.0188028746540882	0.945441516152235	0.028419805660405
0.0188680263178843	0.937665506451366	0.0280998742325969
0.0228246079590985	0.927480747431937	0.0291857160311473
0.0262747926471914	0.917988684429907	0.0279292972290412
0.0204136083950566	0.948185725726727	0.0300789642493444
0.025984483293032	0.942534270805828	0.0318306998073434
0.0184845932472582	0.945436670693399	0.0292278438625241
0.0300599885810122	0.914071032749484	0.0310753262512921
0.0246901262216707	0.935437994722832	0.028615295499981
0.023999367290998	0.929738284672036	0.0283044464034145
0.0255206353618819	0.930015942101255	0.0274950448836102
0.0264343186987707	0.921179623553859	0.0283645688754038
0.031011641398525	0.931682931677294	0.0293294188109878
0.0265802771906521	0.945734142823277	0.0274203393437975
0.02594582892629	0.943190800491615	0.027265466477647
0.0242960746589473	0.937144341293967	0.0255404530507524
0.0287973651985678	0.90526683195945	0.0283095188844931
0.0212428268822124	0.922645263275031	0.0319702021092649
0.0230198266232172	0.929963510738168	0.0313724231685265
0.0278246904069858	0.924246122131984	0.0211689796034549
0.0298277333871093	0.937661529321946	0.0297606412416425
0.025884270499834	0.931900501963404	0.0268300894122354
0.0223670459330588	0.94208013547457	0.030079997064396
0.0237031004277346	0.934642842745789	0.029152323942924
0.0238469845153947	0.91918801490471	0.0275546105240026
0.0231068967760731	0.90621077987656	0.0262650943944679
0.0232050529095218	0.927438841919098	0.0342235452590548
0.0251644683095987	0.930816828157548	0.0293290364480066
0.028934117360637	0.936519972346136	0.0282731152088937
0.0268070221366321	0.927057554669575	0.0279828629404585
0.0244404783406668	0.948804506268282	0.0258845756254049
0.0294694600391829	0.919417912346565	0.0332641086154341
0.0285185756780181	0.938665422317896	0.0310700617578489
0.0225781155670145	0.946397103148252	0.0208773832690025
0.0193631157550837	0.934625526609116	0.0251875516726367
0.0194020175147729	0.938532374536799	0.0261884736061425
0.0205615412682482	0.948082436757692	0.0275058635653104
0.0247291134848259	0.942779984326661	0.031646825813426
0.0262169153936402	0.933740504701491	0.0298379925284253
0.0223275805043192	0.933616353255935	0.0244695117841642
0.025045737101984	0.929043555954065	0.0279354630912607
0.0251835106055714	0.927136929076323	0.0261657424131322
0.0256645125811523	0.936414174237048	0.0266529862140292
0.0273693120983193	0.919533309385352	0.031780866473291
0.0261426861766776	0.931730310032627	0.0326975407554196
0.0220277150705828	0.936185615935704	0.027781427447993
0.0231871341979611	0.943287705920453	0.0278454813817158
0.0240082752491451	0.94018936614253	0.0261058390177327
0.0254070472422995	0.952329909865179	0.0318392489313413
0.0268653562973882	0.947110457004557	0.0247956443774011
0.0207188872348354	0.940090757824052	0.0335088973115187
0.027004918089282	0.937776647028091	0.0303198192427781
0.0270858343811806	0.947682075900611	0.0344660193886789
0.0215924596970101	0.910327245328002	0.0300281616458378
0.0156381641464975	0.948167185721356	0.0286565550342243
0.0264020208502687	0.925144852804597	0.0306482656224175
0.0239886063601148	0.940684324332543	0.0250745562086128
0.0255218320470536	0.935781185770327	0.0330827529252892
0.0264346995737107	0.925658010022751	0.0321468243910132
0.0204175778832281	0.937798034090504	0.0250763957784656
0.0264690379267398	0.942991451926649	0.0231043423736818
0.0241342675888318	0.940776375044097	0.0257511320635701
0.023227883421891	0.934816345730175	0.0264766653588521
0.0249411060690919	0.932886873953783	0.0312395973697429
0.0254023593946692	0.932886594650265	0.0282096106948384
0.0319858991138169	0.938566018715296	0.0285452955709502
0.0213419503089317	0.936772708344952	0.0276628350730564
0.0226178216355543	0.949267361283047	0.029955998101127
0.0272462865164576	0.934855462818128	0.0248998021433135
0.0237009596672871	0.922447922722905	0.0299605254727277
0.0255987064338467	0.919590601414185	0.028350841979486
0.0282872959791726	0.933368927163523	0.0274954137438393
0.024046977732431	0.946505556391976	0.0279237808995852
0.0219258270684816	0.930437194211408	0.0330200188243363
0.0198885633349154	0.939971083488509	0.027619303553752
0.0247325688766684	0.942155826272919	0.0289891275302502
0.0298393553673548	0.920465039488047	0.0329064657675801
0.0227490942186476	0.923381798313434	0.0284412620327042
0.0221340553003955	0.933884099092085	0.0299228513647926
0.0199101495299665	0.926142819456844	0.0340764524037921
0.0235157722382406	0.953272579498474	0.0265540612891348
0.0233173409951713	0.940332722199106	0.0292213272400873
0.023517878297938	0.933621342369856	0.0280136030215109
0.0219128917722612	0.951884013347122	0.0311815850082619
0.0265949783117822	0.93926623938337	0.026778838705444
0.0205626033118817	0.935522803247683	0.0263830945834886
0.0232250292869205	0.940036941976619	0.0246785731406996
0.0291280455316776	0.92016957682076	0.0317508175880197
0.0233286156070946	0.927946456381373	0.030831078129684
0.0279743279827197	0.934918184968593	0.0277437133750472
0.0221981151832361	0.937797048796136	0.0227695390013866
0.0314281238479846	0.930690851973634	0.0324277746246875
0.0188593580080865	0.927652798895331	0.0278404899878027
0.0216838316339999	0.92965527942456	0.0270872225740145
0.0218069599633614	0.926169236448253	0.0309049554235447
0.0122006577458133	0.938196948931782	0.0213096356715311
0.0237406646578292	0.915665624491533	0.0311446291338913
0.0290644581535888	0.925826547109078	0.026884943020395
0.0269359885032788	0.950372200345454	0.0307134493010966
0.0207715030951464	0.941242305833495	0.0296953089003826
0.0210541046805423	0.927048300546116	0.0263013649942767
0.0252372543715898	0.927009568370225	0.0347383662467704
0.0237751695690723	0.929794348732077	0.0253721165196612
0.0230365303440335	0.933809876784589	0.0278288322003291
0.0278463733270321	0.942357363180096	0.0260170783858724
0.0252772487052083	0.94129072366124	0.0271477010280989
0.0301675132549009	0.946604600873609	0.0296673701665156
0.0219624241379953	0.955646596946384	0.0278710191473329
0.0283319696289845	0.93615997231104	0.0343965833804354
0.0273075427862646	0.931200815160588	0.0284028086508544
0.0263639129379698	0.934686884766743	0.0278518329463864
0.0255286905956672	0.932661424771569	0.0357435665438362
0.0231799600548233	0.927837216908124	0.0315572275003309
0.0201238058664286	0.947323271890208	0.0341479276146323
0.0270322714956473	0.921713857854116	0.0297764059566483
0.0207661121864825	0.936531464990996	0.0256271241977983
0.0211225808214729	0.942050464511767	0.0232236973967049
0.0272186516964628	0.924000009001728	0.0302330157401514
0.0238841958002456	0.933805367845641	0.0241036106815267
0.0252035706274221	0.929555121635415	0.035737465710719
0.0233096091220816	0.930435220350784	0.0265388596842313
0.0296863423549045	0.941963402580782	0.0256764841924089
0.0272195620891972	0.929184860738041	0.0288534700756908
0.0263726837731466	0.916182659371977	0.0314001263466193
0.0228833500877114	0.937057074414098	0.0273448661163704
0.0184718483329829	0.928643805584785	0.0272019633262876
0.0251135568486701	0.933801463314823	0.02333421687817
0.0272110606571039	0.918940741273848	0.027820417306923
0.0177453660273583	0.948312258981501	0.0292037137468238
0.0255764385139314	0.928765974070615	0.0360468932425271
0.0229728433415888	0.91541485117138	0.0313251517026495
0.0250554604169973	0.929620096047205	0.027996270532968
0.0281990911972474	0.918164784141629	0.0281838685719696
0.0232406144466999	0.943057954829355	0.0328895604913699
0.0232437204097138	0.937758122321224	0.0253095052859341
0.0257174628814892	0.936005868221303	0.0291365018587065
0.0248598615624613	0.926429322078673	0.0270000547094188
0.0270570132887258	0.940641724085449	0.028679126725193
0.0255226635160284	0.944774042191618	0.0280322546935851
0.0196181746311447	0.945730642372579	0.0272877239086286
0.0302690851757308	0.933958296908268	0.0330381803729882
0.0261155057748308	0.933919944841167	0.0285781552301866
0.0212515696418521	0.936228017623709	0.0252228212041313
0.0223403628415367	0.94212646729237	0.0275413542218883
0.0248020849639665	0.929947767809743	0.0225312167675195
0.0241971700543796	0.926666008271881	0.0246799305984651
0.0279899098505377	0.943060355950516	0.0236704849298321
0.0246439737273624	0.930560742407316	0.0317726962951643
0.0186839286622849	0.93851488421655	0.0274930627134709
0.0226298503785783	0.938953852350028	0.0285906093284679
0.0229552531970155	0.940488375370223	0.028408228743699
0.0170099480762822	0.944781246036621	0.0281481106023983
0.0248999069196215	0.923299348033288	0.0220862376032506
0.0252446156244911	0.951552230489725	0.0248803033989755
0.0233128496687989	0.943466831496141	0.031134271984293
0.0216467585798499	0.93694167913108	0.0299629570133133
0.02238868315676	0.926823129705818	0.0270394910433874
0.0173705443874715	0.950684101594191	0.0277577655321553
0.0224384037714388	0.921521417586589	0.033047184869434
0.0220879274233876	0.94067980480126	0.0327472811210575
0.0232383440649721	0.938046943162808	0.0258880155821708
0.0213475725124591	0.942885707122424	0.0271675917203868
0.0220786895027696	0.928569263128104	0.0262179728287963
0.0194886646304005	0.937592287963056	0.024910736097376
0.0184457496635118	0.947075987251602	0.0314777537570352
0.0252313093682194	0.926948716326232	0.0295114779910507
0.0246912421879152	0.940974300594973	0.024437001971209
0.0230152800246279	0.9283932559473	0.0289119368530597
0.0246447394409724	0.944599364266721	0.0343863442308125
0.0267133682993499	0.94433919255024	0.0286698279671935
0.0263328033945947	0.918456912122393	0.0351541194676863
0.0223626106681916	0.943383132299448	0.0322221010612153
0.0269267944706938	0.911064013863945	0.0262730130422599
0.024556104967177	0.924457468193197	0.0293993459914906
0.0216746136464622	0.915624110606399	0.0322941779693392
0.0210490795628342	0.929778667828187	0.0273690233984146
0.0251895578851498	0.918778457027746	0.0330143039780264
0.0282374876903155	0.945747574490267	0.0336028449777518
0.0274944961072397	0.923711296773189	0.0272054117354558
0.0294082919573276	0.939931588804139	0.0273182986996242
0.0246521116052512	0.934345637435144	0.0274298991353336
0.0244797734812236	0.941291799239455	0.0310424117401571
0.0340053763819934	0.91719222271366	0.0297506776615443
0.0221806028279842	0.937257402215437	0.0296504750413591
0.0236454283099086	0.922541691940536	0.0287608212917578
0.022535180873208	0.929721944573826	0.0277142741380255
0.0306208620233025	0.934005963958155	0.0275237605203157
0.023530375061572	0.938465563005461	0.030769470467757
0.0231303869963046	0.933232162428328	0.0278743175066235
0.0283580297947381	0.921314513732433	0.027855038815042
0.0245556862449959	0.934824028354408	0.0305862158066618
0.0249921938793039	0.928460215052942	0.0322219615143197
0.0199918592335419	0.939637790600479	0.0262770299477167
0.0255339258654572	0.923393299954024	0.0266814001040082
0.0268151521245589	0.930508585420825	0.0304810039227345
0.0235519428312338	0.922014918473311	0.0309631286858003
0.0247160810757472	0.940230064819669	0.0296612979920436
0.0236268599267163	0.942393104377441	0.0294213197567657
0.0206178780649352	0.924441591368313	0.0298559597841469
0.0249901702526437	0.937882103067058	0.0262257542528739
0.0267565282751834	0.933358822471337	0.0309324331671816
0.0231259209593465	0.946708498734094	0.0255327487438049
0.0277160183119971	0.932471919046479	0.0286622203557827
0.024974327418445	0.949332665154363	0.0238099252958925
0.0195211641558642	0.94253065863944	0.0285329460667586
0.0248743262055587	0.933418750921742	0.029030565873187
0.0231807161702962	0.930916690797877	0.0241801069104043
0.028885171257799	0.920703078974763	0.0323983690936968
0.0250853215162788	0.941545465934779	0.0220401853436628
0.0238975329252074	0.914387666215813	0.029753513097718
0.0205684278435963	0.938738010140728	0.0253681038686097
0.0206622733171987	0.933092225976179	0.0308530722753493
0.02480418307215	0.925038334638827	0.0260283783945556
0.0310853109966744	0.935320367662972	0.0310362572411241
0.0225460229942107	0.921596676371658	0.0312308616963977
0.0183006233813776	0.96781961417941	0.0226429570004496
0.0316353657944985	0.933494798192123	0.0237861008336332
0.0243591816982369	0.929891809473507	0.0347822843621552
0.0218805075373506	0.93088595071865	0.0257020989851624
0.0234755584718216	0.937879840969913	0.0294298808557827
0.0234855543712156	0.934795806116176	0.0321394443024327
0.0198628169867615	0.945628514827744	0.0313233720236373
0.0264218875999019	0.924115249347346	0.0300173950719004
0.0258190089257213	0.919655237627926	0.0249992421761242
0.018575986367196	0.928112985979888	0.0313178947512781
0.0253031450966896	0.943303172568778	0.0341364079145566
0.0196237282885806	0.919212908210829	0.028556274980616
0.0216789836013933	0.947096282671412	0.0245636308667877
0.020486711006185	0.928472366727576	0.0321841360499846
0.0191692081280874	0.933720669680481	0.0337966805226482
0.0244291101213505	0.931766983095397	0.0307140108878122
0.0204793425163488	0.910646676683539	0.0239563216442203
0.0189410880468851	0.922336599605179	0.0302678096022299
0.0252474391406969	0.923064971364298	0.0349493192533785
0.0217095000315556	0.924777324541225	0.0297233338255353
0.0302177560503349	0.92658123239138	0.0327325226039587
0.0210518230656194	0.931155224621809	0.0290062453034968
0.0305012574999094	0.926174090780066	0.0290158024260539
0.0226858344298058	0.915251848553969	0.026998372039233
0.0213717203683323	0.93706498059599	0.0258013209696117
0.0263079368430821	0.941671517253758	0.0335026173948495
0.0287948173109729	0.933529004239354	0.0284887691298127
0.0233741561848038	0.946266315212775	0.0238108255518638
0.0229143053994918	0.928559705230525	0.0296701391498761
0.0285156889096876	0.937553419985561	0.0319597416159996
0.0264875664895084	0.935496435584593	0.0245788526124738
0.0250232316846698	0.924752457838202	0.0329272917556961
0.0376834170003868	0.910734567534883	0.0315438158651832
0.0273183483997225	0.933141881886521	0.0279602538052015
0.027833660034726	0.93233083974976	0.0267608177720291
0.0319182665147591	0.929981066808942	0.0286770360368715
0.0270957928376973	0.947438220288644	0.0239765698916593
0.021746634136536	0.940700085766298	0.0275923972149451
0.0257002306226356	0.93602537652674	0.0258965312948815
0.02425251540642	0.930001674129378	0.0297385084995517
0.0218124165020093	0.938830058804844	0.034272957600522
0.0250322454935586	0.920322527713681	0.0328163607927255
0.0237851408815983	0.928941976678304	0.0355401520617284
0.0272845985949602	0.93456212481336	0.0255575488181598
0.0327335355532256	0.933303343072183	0.0347567832702102
0.0251191259336063	0.948310324826174	0.0281157770429108
0.0230176203381131	0.938197056418437	0.0238711477773313
0.015222109432183	0.936514307148652	0.0290947470229763
0.030843235731313	0.934215995174135	0.0313363303406406
0.0292318548880038	0.939914892650576	0.0355501128373563
0.0211664603371479	0.933142332343439	0.0224234168966608
0.025257052181393	0.928430621271485	0.0333627944818165
0.0252405240530697	0.942863340312191	0.0242673292291416
0.0278042900688824	0.955447813759831	0.0258612032769764
0.0239259663165327	0.93119964235124	0.0289975328161858
0.0241142996563009	0.934595190790068	0.03324026060674
0.0217668074964134	0.939163865305445	0.0276788881468172
0.0243933810017698	0.940600578164821	0.0265415488025783
0.0231076744802691	0.937156548156614	0.034053030140876
0.0228654051115587	0.92659884275482	0.0307607293935335
0.0249251187746422	0.933138194671226	0.0250438576474631
0.02726519018777	0.92469529246994	0.0307598532047789
0.0239902485650579	0.932940667932065	0.0295946695501783
0.0247775051905423	0.927664115284494	0.0290843743711182
0.0243321059646479	0.919937558981001	0.0307034805025478
0.0206170238426845	0.936750769014455	0.0267303648158938
0.0258826479965817	0.936098859756249	0.0274299131085178
0.0262078600413444	0.941485691543126	0.0296569430277204
0.0250805461516024	0.936880677516671	0.0289238664784425
0.0243658051730551	0.935016252591725	0.0259050336938522
0.0217729783087586	0.941275292125845	0.0239893786549209
0.02549059890475	0.941418713163841	0.0311966513544394
0.0246384103920776	0.94769905350646	0.0293028170080289
0.0239949528990331	0.94768605492458	0.027409672557482
0.022755742716674	0.93637370108168	0.0236060589654198
0.0226485454464678	0.943695079769625	0.0291036355191925
0.0216728028929561	0.949377628964672	0.0271375044802615
0.0195975841239902	0.935065756985366	0.0283564254943576
0.0225554523002405	0.94187621281147	0.0265965433385745
0.0253208573377432	0.938194113819941	0.0248681191824638
0.029965680716633	0.926203507982146	0.0291332348710467
0.0227854834553038	0.927754561554377	0.025573077835583
0.026862285811001	0.931523431319102	0.031095919195263
0.0200476486932369	0.934095954155825	0.0248642109089429
0.0242074326764236	0.9475354856657	0.0275733129430351
0.0214048163572329	0.932268595654694	0.0234481265354486
0.0310008450618337	0.929632446998451	0.0288910095677121
0.0270101395924124	0.930371660284491	0.0259907183443336
0.0220446781760371	0.939891181370755	0.030602965639615
0.0221336475003235	0.92203345793652	0.0379851920718662
0.0257324107498686	0.934071579476084	0.0255726644844849
0.0194279478893354	0.928163418028126	0.0275801525086718
0.0234113655334987	0.935752071176176	0.0283178072774801
0.0286867922313005	0.926783465366939	0.0323725437646439
0.0224984741175056	0.924326005229263	0.0305829251687909
0.0172595518094575	0.9325179287984	0.0276567510603548
0.0232670874480832	0.937707445108606	0.0314173227756453
0.0245521259617974	0.936384867275746	0.0264966318964254
0.0246636457991687	0.939425745344163	0.0304942373025937
0.0223979059815894	0.934243507499607	0.0245553556538882
0.0282966292294425	0.91583880111012	0.0278777297490309
0.0258960416900973	0.936644578422425	0.0293110813513572
0.0207072164366	0.945901203294432	0.0262742508335053
0.0276292286020952	0.920969978026115	0.0292559046615006
0.0214335997124739	0.925058824928686	0.0310256814279964
0.0262732661935373	0.946373040758125	0.0284666507874413
0.0291721588328676	0.92031669906931	0.0294180300621476
0.0245858481296237	0.92345786208455	0.0279767647863994
0.029827147987798	0.91425791193203	0.0341184739465871
0.0250752268298324	0.921263778104702	0.0359461103337903
0.0233494448387955	0.934867111533779	0.0265656038076018
0.0237067217078657	0.9408598360801	0.0277056231081105
0.0211602048192837	0.932972249966619	0.0265069569095151
0.0193635839354587	0.9463593317884	0.0231018287328525
0.0263748929672229	0.933158324628174	0.0288655052575735
0.0271754798428138	0.940830919685202	0.0306477646296369
0.0239649284678541	0.933025930939141	0.0256529297471066
0.022089316141848	0.93961320970313	0.0293877822491517
0.0177006308559449	0.945387090158599	0.0238868155078394
0.025654340760319	0.937482197904147	0.0307011162456809
0.0238291357797723	0.927509616541978	0.0332660687899779
0.0232063509423236	0.954430924304693	0.0332443615619925
0.0254463514748151	0.945352767546299	0.0262812372754539
0.0261249261915126	0.945264349294374	0.0271287186998221
0.0275840947639043	0.93895944097392	0.0292190877829536
0.0225389106393117	0.934397573918191	0.0271666383992438
0.0209443197127905	0.930709885634635	0.0310714480122374
0.0173133863061777	0.942715292195703	0.0259202310311824
0.0201818396309731	0.93857122884268	0.0296367244104365
0.0243244407664836	0.926453197665795	0.030283423412991
0.0224876400770623	0.933395785370011	0.0299401692051608
0.0251528530236871	0.929627752514952	0.0268688341205499
0.019923696467526	0.936462895872559	0.0320245440511956
0.0229068309514342	0.94884218781125	0.029217001678905
0.0255064286747585	0.936716390457639	0.0255363600892676
0.01847778222953	0.934572060509516	0.0260121329829827
0.0280374014205592	0.919662158814529	0.026229050768933
0.0227632388659103	0.934801971259598	0.0241065069567066
0.0235187875108011	0.922538143881069	0.0253181437534993
0.0257942122243965	0.938458539228869	0.0293504234713436
0.0159669161595387	0.930531760512222	0.0276423572959563
0.0234107439077044	0.917931206366651	0.0325554053932851
0.0182023006593569	0.931851797772389	0.0309733164106179
0.0214987858808896	0.939675071369113	0.0253417136596769
0.0345394979485687	0.914895561872907	0.03224048043873
