context	ref	alt	methylation_level	mu	loeuf	variant_count	singleton_count
AAA	A	C	0	1.8303e-09	1	358	222
AAA	A	C	0	1.8303e-09	2	226	136
AAA	A	C	0	1.8303e-09	3	205	130
AAA	A	C	0	1.8303e-09	4	191	118
AAA	A	C	0	1.8303e-09	5	154	84
AAA	A	C	0	1.8303e-09	6	162	108
AAA	A	C	0	1.8303e-09	7	135	70
AAA	A	C	0	1.8303e-09	8	91	57
AAA	A	C	0	1.8303e-09	9	94	50
AAA	A	C	0	1.8303e-09	10	77	43
AAA	A	C	0	1.8303e-09	NA	36	22
AAA	A	G	0	3.0288e-09	1	5607	3224
AAA	A	G	0	3.0288e-09	2	3937	2185
AAA	A	G	0	3.0288e-09	3	3327	1893
AAA	A	G	0	3.0288e-09	4	3031	1676
AAA	A	G	0	3.0288e-09	5	2841	1644
AAA	A	G	0	3.0288e-09	6	2702	1544
AAA	A	G	0	3.0288e-09	7	2117	1173
AAA	A	G	0	3.0288e-09	8	1631	893
AAA	A	G	0	3.0288e-09	9	1266	710
AAA	A	G	0	3.0288e-09	10	983	552
AAA	A	G	0	3.0288e-09	NA	375	196
AAA	A	T	0	1.0670e-09	1	250	156
AAA	A	T	0	1.0670e-09	2	190	122
AAA	A	T	0	1.0670e-09	3	187	127
AAA	A	T	0	1.0670e-09	4	168	96
AAA	A	T	0	1.0670e-09	5	173	108
AAA	A	T	0	1.0670e-09	6	147	80
AAA	A	T	0	1.0670e-09	7	132	83
AAA	A	T	0	1.0670e-09	8	99	65
AAA	A	T	0	1.0670e-09	9	70	51
AAA	A	T	0	1.0670e-09	10	78	51
AAA	A	T	0	1.0670e-09	NA	36	26
AAC	A	C	0	1.3911e-09	1	124	77
AAC	A	C	0	1.3911e-09	2	69	43
AAC	A	C	0	1.3911e-09	3	67	49
AAC	A	C	0	1.3911e-09	4	73	49
AAC	A	C	0	1.3911e-09	5	76	44
AAC	A	C	0	1.3911e-09	6	59	30
AAC	A	C	0	1.3911e-09	7	64	35
AAC	A	C	0	1.3911e-09	8	35	21
AAC	A	C	0	1.3911e-09	9	27	14
AAC	A	C	0	1.3911e-09	10	34	15
AAC	A	C	0	1.3911e-09	NA	12	8
AAC	A	G	0	5.2457e-09	1	6034	3154
AAC	A	G	0	5.2457e-09	2	3994	2119
AAC	A	G	0	5.2457e-09	3	3357	1817
AAC	A	G	0	5.2457e-09	4	3132	1649
AAC	A	G	0	5.2457e-09	5	2945	1572
AAC	A	G	0	5.2457e-09	6	2672	1397
AAC	A	G	0	5.2457e-09	7	2201	1145
AAC	A	G	0	5.2457e-09	8	1728	900
AAC	A	G	0	5.2457e-09	9	1388	731
AAC	A	G	0	5.2457e-09	10	1097	563
AAC	A	G	0	5.2457e-09	NA	408	183
AAC	A	T	0	1.3560e-09	1	112	62
AAC	A	T	0	1.3560e-09	2	74	46
AAC	A	T	0	1.3560e-09	3	56	35
AAC	A	T	0	1.3560e-09	4	73	45
AAC	A	T	0	1.3560e-09	5	68	47
AAC	A	T	0	1.3560e-09	6	45	28
AAC	A	T	0	1.3560e-09	7	37	23
AAC	A	T	0	1.3560e-09	8	31	11
AAC	A	T	0	1.3560e-09	9	28	17
AAC	A	T	0	1.3560e-09	10	27	16
AAC	A	T	0	1.3560e-09	NA	14	8
AAG	A	C	0	1.4983e-09	1	1318	812
AAG	A	C	0	1.4983e-09	2	930	583
AAG	A	C	0	1.4983e-09	3	782	479
AAG	A	C	0	1.4983e-09	4	682	413
AAG	A	C	0	1.4983e-09	5	667	401
AAG	A	C	0	1.4983e-09	6	597	360
AAG	A	C	0	1.4983e-09	7	449	284
AAG	A	C	0	1.4983e-09	8	375	216
AAG	A	C	0	1.4983e-09	9	324	212
AAG	A	C	0	1.4983e-09	10	262	159
AAG	A	C	0	1.4983e-09	NA	116	68
AAG	A	G	0	3.9291e-09	1	8938	5139
AAG	A	G	0	3.9291e-09	2	6253	3651
AAG	A	G	0	3.9291e-09	3	5243	3056
AAG	A	G	0	3.9291e-09	4	4859	2726
AAG	A	G	0	3.9291e-09	5	4515	2592
AAG	A	G	0	3.9291e-09	6	4123	2366
AAG	A	G	0	3.9291e-09	7	3287	1820
AAG	A	G	0	3.9291e-09	8	2574	1462
AAG	A	G	0	3.9291e-09	9	1958	1116
AAG	A	G	0	3.9291e-09	10	1532	853
AAG	A	G	0	3.9291e-09	NA	616	304
AAG	A	T	0	9.4450e-10	1	510	320
AAG	A	T	0	9.4450e-10	2	349	221
AAG	A	T	0	9.4450e-10	3	243	140
AAG	A	T	0	9.4450e-10	4	265	159
AAG	A	T	0	9.4450e-10	5	254	159
AAG	A	T	0	9.4450e-10	6	219	138
AAG	A	T	0	9.4450e-10	7	189	125
AAG	A	T	0	9.4450e-10	8	122	61
AAG	A	T	0	9.4450e-10	9	136	73
AAG	A	T	0	9.4450e-10	10	114	70
AAG	A	T	0	9.4450e-10	NA	50	33
AAT	A	G	0	7.7544e-09	1	7252	3563
AAT	A	G	0	7.7544e-09	2	5182	2589
AAT	A	G	0	7.7544e-09	3	4296	2096
AAT	A	G	0	7.7544e-09	4	4144	2048
AAT	A	G	0	7.7544e-09	5	3971	1967
AAT	A	G	0	7.7544e-09	6	3608	1750
AAT	A	G	0	7.7544e-09	7	2879	1417
AAT	A	G	0	7.7544e-09	8	2322	1086
AAT	A	G	0	7.7544e-09	9	1987	980
AAT	A	G	0	7.7544e-09	10	1530	730
AAT	A	G	0	7.7544e-09	NA	548	248
ACA	C	A	0	2.9409e-09	1	722	449
ACA	C	A	0	2.9409e-09	2	546	329
ACA	C	A	0	2.9409e-09	3	476	279
ACA	C	A	0	2.9409e-09	4	534	342
ACA	C	A	0	2.9409e-09	5	463	282
ACA	C	A	0	2.9409e-09	6	461	261
ACA	C	A	0	2.9409e-09	7	382	239
ACA	C	A	0	2.9409e-09	8	285	164
ACA	C	A	0	2.9409e-09	9	232	132
ACA	C	A	0	2.9409e-09	10	202	103
ACA	C	A	0	2.9409e-09	NA	91	57
ACA	C	G	0	2.3710e-09	1	905	528
ACA	C	G	0	2.3710e-09	2	670	393
ACA	C	G	0	2.3710e-09	3	710	423
ACA	C	G	0	2.3710e-09	4	624	356
ACA	C	G	0	2.3710e-09	5	635	385
ACA	C	G	0	2.3710e-09	6	552	334
ACA	C	G	0	2.3710e-09	7	462	271
ACA	C	G	0	2.3710e-09	8	423	257
ACA	C	G	0	2.3710e-09	9	330	187
ACA	C	G	0	2.3710e-09	10	265	141
ACA	C	G	0	2.3710e-09	NA	116	72
ACA	C	T	0	9.3201e-09	1	12237	6773
ACA	C	T	0	9.3201e-09	2	9277	5037
ACA	C	T	0	9.3201e-09	3	8669	4790
ACA	C	T	0	9.3201e-09	4	7818	4290
ACA	C	T	0	9.3201e-09	5	7355	3959
ACA	C	T	0	9.3201e-09	6	6594	3552
ACA	C	T	0	9.3201e-09	7	5664	3012
ACA	C	T	0	9.3201e-09	8	4636	2456
ACA	C	T	0	9.3201e-09	9	3515	1838
ACA	C	T	0	9.3201e-09	10	2858	1458
ACA	C	T	0	9.3201e-09	NA	983	477
ACC	C	A	0	5.7034e-09	1	542	307
ACC	C	A	0	5.7034e-09	2	391	217
ACC	C	A	0	5.7034e-09	3	356	199
ACC	C	A	0	5.7034e-09	4	281	158
ACC	C	A	0	5.7034e-09	5	289	176
ACC	C	A	0	5.7034e-09	6	259	140
ACC	C	A	0	5.7034e-09	7	211	120
ACC	C	A	0	5.7034e-09	8	179	105
ACC	C	A	0	5.7034e-09	9	140	74
ACC	C	A	0	5.7034e-09	10	158	76
ACC	C	A	0	5.7034e-09	NA	65	32
ACC	C	G	0	2.4639e-09	1	256	167
ACC	C	G	0	2.4639e-09	2	145	89
ACC	C	G	0	2.4639e-09	3	153	96
ACC	C	G	0	2.4639e-09	4	127	70
ACC	C	G	0	2.4639e-09	5	146	96
ACC	C	G	0	2.4639e-09	6	134	73
ACC	C	G	0	2.4639e-09	7	123	79
ACC	C	G	0	2.4639e-09	8	89	59
ACC	C	G	0	2.4639e-09	9	76	44
ACC	C	G	0	2.4639e-09	10	100	52
ACC	C	G	0	2.4639e-09	NA	37	17
ACC	C	T	0	9.9720e-09	1	8692	4575
ACC	C	T	0	9.9720e-09	2	6530	3492
ACC	C	T	0	9.9720e-09	3	5955	3165
ACC	C	T	0	9.9720e-09	4	5572	2970
ACC	C	T	0	9.9720e-09	5	5153	2799
ACC	C	T	0	9.9720e-09	6	4546	2378
ACC	C	T	0	9.9720e-09	7	3993	2122
ACC	C	T	0	9.9720e-09	8	3386	1847
ACC	C	T	0	9.9720e-09	9	2546	1333
ACC	C	T	0	9.9720e-09	10	2097	1053
ACC	C	T	0	9.9720e-09	NA	712	344
ACG	C	A	0	6.6879e-09	1	1193	663
ACG	C	A	0	6.6879e-09	2	830	475
ACG	C	A	0	6.6879e-09	3	735	420
ACG	C	A	0	6.6879e-09	4	691	364
ACG	C	A	0	6.6879e-09	5	657	383
ACG	C	A	0	6.6879e-09	6	540	312
ACG	C	A	0	6.6879e-09	7	512	292
ACG	C	A	0	6.6879e-09	8	405	210
ACG	C	A	0	6.6879e-09	9	339	196
ACG	C	A	0	6.6879e-09	10	265	132
ACG	C	A	0	6.6879e-09	NA	74	35
ACG	C	G	0	4.9426e-09	1	578	335
ACG	C	G	0	4.9426e-09	2	424	238
ACG	C	G	0	4.9426e-09	3	368	209
ACG	C	G	0	4.9426e-09	4	343	184
ACG	C	G	0	4.9426e-09	5	353	195
ACG	C	G	0	4.9426e-09	6	312	163
ACG	C	G	0	4.9426e-09	7	246	126
ACG	C	G	0	4.9426e-09	8	253	128
ACG	C	G	0	4.9426e-09	9	191	94
ACG	C	G	0	4.9426e-09	10	165	76
ACG	C	G	0	4.9426e-09	NA	68	24
ACG	C	T	0	2.6612e-08	1	502	223
ACG	C	T	0	2.6612e-08	2	613	247
ACG	C	T	0	2.6612e-08	3	516	222
ACG	C	T	0	2.6612e-08	4	514	213
ACG	C	T	0	2.6612e-08	5	429	176
ACG	C	T	0	2.6612e-08	6	402	187
ACG	C	T	0	2.6612e-08	7	324	125
ACG	C	T	0	2.6612e-08	8	345	152
ACG	C	T	0	2.6612e-08	9	253	112
ACG	C	T	0	2.6612e-08	10	261	106
ACG	C	T	0	2.6612e-08	NA	20	9
ACG	C	T	1	1.0750e-07	1	571	98
ACG	C	T	1	1.0750e-07	2	496	99
ACG	C	T	1	1.0750e-07	3	488	94
ACG	C	T	1	1.0750e-07	4	570	111
ACG	C	T	1	1.0750e-07	5	592	132
ACG	C	T	1	1.0750e-07	6	507	102
ACG	C	T	1	1.0750e-07	7	514	139
ACG	C	T	1	1.0750e-07	8	442	94
ACG	C	T	1	1.0750e-07	9	357	60
ACG	C	T	1	1.0750e-07	10	309	57
ACG	C	T	1	1.0750e-07	NA	72	11
ACG	C	T	2	1.4169e-07	1	17385	1655
ACG	C	T	2	1.4169e-07	2	13013	1152
ACG	C	T	2	1.4169e-07	3	11746	1059
ACG	C	T	2	1.4169e-07	4	10446	865
ACG	C	T	2	1.4169e-07	5	9261	759
ACG	C	T	2	1.4169e-07	6	7792	662
ACG	C	T	2	1.4169e-07	7	6761	571
ACG	C	T	2	1.4169e-07	8	5287	463
ACG	C	T	2	1.4169e-07	9	3864	333
ACG	C	T	2	1.4169e-07	10	2555	180
ACG	C	T	2	1.4169e-07	NA	837	118
ACT	C	T	0	7.9566e-09	1	11023	6113
ACT	C	T	0	7.9566e-09	2	8410	4650
ACT	C	T	0	7.9566e-09	3	7405	4128
ACT	C	T	0	7.9566e-09	4	6914	3795
ACT	C	T	0	7.9566e-09	5	6397	3509
ACT	C	T	0	7.9566e-09	6	5692	3099
ACT	C	T	0	7.9566e-09	7	4834	2657
ACT	C	T	0	7.9566e-09	8	4027	2168
ACT	C	T	0	7.9566e-09	9	2950	1558
ACT	C	T	0	7.9566e-09	10	2419	1256
ACT	C	T	0	7.9566e-09	NA	955	456
CAA	A	C	0	1.9615e-09	1	1877	1154
CAA	A	C	0	1.9615e-09	2	1283	760
CAA	A	C	0	1.9615e-09	3	1074	644
CAA	A	C	0	1.9615e-09	4	952	583
CAA	A	C	0	1.9615e-09	5	944	560
CAA	A	C	0	1.9615e-09	6	807	481
CAA	A	C	0	1.9615e-09	7	659	400
CAA	A	C	0	1.9615e-09	8	508	298
CAA	A	C	0	1.9615e-09	9	439	239
CAA	A	C	0	1.9615e-09	10	338	174
CAA	A	C	0	1.9615e-09	NA	154	83
CAA	A	G	0	3.8238e-09	1	6732	3915
CAA	A	G	0	3.8238e-09	2	4802	2712
CAA	A	G	0	3.8238e-09	3	4075	2289
CAA	A	G	0	3.8238e-09	4	3615	2023
CAA	A	G	0	3.8238e-09	5	3367	1930
CAA	A	G	0	3.8238e-09	6	3054	1709
CAA	A	G	0	3.8238e-09	7	2541	1431
CAA	A	G	0	3.8238e-09	8	1941	1091
CAA	A	G	0	3.8238e-09	9	1472	835
CAA	A	G	0	3.8238e-09	10	1034	561
CAA	A	G	0	3.8238e-09	NA	380	191
CAA	A	T	0	9.1862e-10	1	1151	717
CAA	A	T	0	9.1862e-10	2	790	496
CAA	A	T	0	9.1862e-10	3	706	454
CAA	A	T	0	9.1862e-10	4	624	372
CAA	A	T	0	9.1862e-10	5	635	410
CAA	A	T	0	9.1862e-10	6	495	291
CAA	A	T	0	9.1862e-10	7	419	268
CAA	A	T	0	9.1862e-10	8	299	192
CAA	A	T	0	9.1862e-10	9	321	187
CAA	A	T	0	9.1862e-10	10	219	132
CAA	A	T	0	9.1862e-10	NA	94	55
CAC	A	C	0	1.8485e-09	1	1758	1011
CAC	A	C	0	1.8485e-09	2	1172	713
CAC	A	C	0	1.8485e-09	3	1039	588
CAC	A	C	0	1.8485e-09	4	949	565
CAC	A	C	0	1.8485e-09	5	851	479
CAC	A	C	0	1.8485e-09	6	783	455
CAC	A	C	0	1.8485e-09	7	624	342
CAC	A	C	0	1.8485e-09	8	493	294
CAC	A	C	0	1.8485e-09	9	439	237
CAC	A	C	0	1.8485e-09	10	317	180
CAC	A	C	0	1.8485e-09	NA	116	69
CAC	A	G	0	5.0796e-09	1	7416	4148
CAC	A	G	0	5.0796e-09	2	5015	2831
CAC	A	G	0	5.0796e-09	3	4326	2442
CAC	A	G	0	5.0796e-09	4	3874	2172
CAC	A	G	0	5.0796e-09	5	3688	2030
CAC	A	G	0	5.0796e-09	6	3259	1806
CAC	A	G	0	5.0796e-09	7	2695	1460
CAC	A	G	0	5.0796e-09	8	2092	1099
CAC	A	G	0	5.0796e-09	9	1715	948
CAC	A	G	0	5.0796e-09	10	1397	728
CAC	A	G	0	5.0796e-09	NA	582	291
CAC	A	T	0	1.4118e-09	1	1158	725
CAC	A	T	0	1.4118e-09	2	779	497
CAC	A	T	0	1.4118e-09	3	666	408
CAC	A	T	0	1.4118e-09	4	664	394
CAC	A	T	0	1.4118e-09	5	570	345
CAC	A	T	0	1.4118e-09	6	480	287
CAC	A	T	0	1.4118e-09	7	410	252
CAC	A	T	0	1.4118e-09	8	340	204
CAC	A	T	0	1.4118e-09	9	280	167
CAC	A	T	0	1.4118e-09	10	248	138
CAC	A	T	0	1.4118e-09	NA	104	55
CAG	A	C	0	1.6210e-09	1	4792	2910
CAG	A	C	0	1.6210e-09	2	3388	2070
CAG	A	C	0	1.6210e-09	3	2956	1793
CAG	A	C	0	1.6210e-09	4	2834	1726
CAG	A	C	0	1.6210e-09	5	2685	1611
CAG	A	C	0	1.6210e-09	6	2301	1368
CAG	A	C	0	1.6210e-09	7	1918	1126
CAG	A	C	0	1.6210e-09	8	1642	954
CAG	A	C	0	1.6210e-09	9	1240	726
CAG	A	C	0	1.6210e-09	10	980	587
CAG	A	C	0	1.6210e-09	NA	479	271
CAG	A	G	0	5.2348e-09	1	14193	8077
CAG	A	G	0	5.2348e-09	2	9910	5549
CAG	A	G	0	5.2348e-09	3	8666	4826
CAG	A	G	0	5.2348e-09	4	7848	4424
CAG	A	G	0	5.2348e-09	5	7427	4089
CAG	A	G	0	5.2348e-09	6	6340	3467
CAG	A	G	0	5.2348e-09	7	5402	3022
CAG	A	G	0	5.2348e-09	8	4231	2289
CAG	A	G	0	5.2348e-09	9	3175	1717
CAG	A	G	0	5.2348e-09	10	2339	1234
CAG	A	G	0	5.2348e-09	NA	1061	536
CAG	A	T	0	1.1632e-09	1	2818	1770
CAG	A	T	0	1.1632e-09	2	1920	1193
CAG	A	T	0	1.1632e-09	3	1637	1030
CAG	A	T	0	1.1632e-09	4	1563	960
CAG	A	T	0	1.1632e-09	5	1406	859
CAG	A	T	0	1.1632e-09	6	1389	848
CAG	A	T	0	1.1632e-09	7	1049	610
CAG	A	T	0	1.1632e-09	8	945	550
CAG	A	T	0	1.1632e-09	9	745	454
CAG	A	T	0	1.1632e-09	10	625	358
CAG	A	T	0	1.1632e-09	NA	360	232
CAT	A	C	0	2.0022e-09	1	820	501
CAT	A	C	0	2.0022e-09	2	616	356
CAT	A	C	0	2.0022e-09	3	524	301
CAT	A	C	0	2.0022e-09	4	457	271
CAT	A	C	0	2.0022e-09	5	432	261
CAT	A	C	0	2.0022e-09	6	410	244
CAT	A	C	0	2.0022e-09	7	325	184
CAT	A	C	0	2.0022e-09	8	239	131
CAT	A	C	0	2.0022e-09	9	245	148
CAT	A	C	0	2.0022e-09	10	194	114
CAT	A	C	0	2.0022e-09	NA	100	57
CAT	A	G	0	1.1275e-08	1	15755	7989
CAT	A	G	0	1.1275e-08	2	11370	5694
CAT	A	G	0	1.1275e-08	3	9782	4954
CAT	A	G	0	1.1275e-08	4	8987	4612
CAT	A	G	0	1.1275e-08	5	8312	4260
CAT	A	G	0	1.1275e-08	6	7522	3746
CAT	A	G	0	1.1275e-08	7	6309	3113
CAT	A	G	0	1.1275e-08	8	4911	2447
CAT	A	G	0	1.1275e-08	9	3698	1823
CAT	A	G	0	1.1275e-08	10	2792	1345
CAT	A	G	0	1.1275e-08	NA	1014	479
CAT	A	T	0	2.3466e-09	1	926	564
CAT	A	T	0	2.3466e-09	2	703	444
CAT	A	T	0	2.3466e-09	3	586	374
CAT	A	T	0	2.3466e-09	4	502	302
CAT	A	T	0	2.3466e-09	5	525	329
CAT	A	T	0	2.3466e-09	6	457	272
CAT	A	T	0	2.3466e-09	7	355	228
CAT	A	T	0	2.3466e-09	8	297	177
CAT	A	T	0	2.3466e-09	9	280	148
CAT	A	T	0	2.3466e-09	10	208	102
CAT	A	T	0	2.3466e-09	NA	90	48
CCA	C	A	0	2.1462e-09	1	3029	1793
CCA	C	A	0	2.1462e-09	2	2305	1338
CCA	C	A	0	2.1462e-09	3	2163	1283
CCA	C	A	0	2.1462e-09	4	2022	1170
CCA	C	A	0	2.1462e-09	5	2026	1197
CCA	C	A	0	2.1462e-09	6	1742	1039
CCA	C	A	0	2.1462e-09	7	1470	863
CCA	C	A	0	2.1462e-09	8	1334	796
CCA	C	A	0	2.1462e-09	9	1116	641
CCA	C	A	0	2.1462e-09	10	994	560
CCA	C	A	0	2.1462e-09	NA	325	177
CCA	C	G	0	1.7760e-09	1	3952	2364
CCA	C	G	0	1.7760e-09	2	2973	1782
CCA	C	G	0	1.7760e-09	3	2749	1639
CCA	C	G	0	1.7760e-09	4	2581	1527
CCA	C	G	0	1.7760e-09	5	2413	1447
CCA	C	G	0	1.7760e-09	6	2148	1268
CCA	C	G	0	1.7760e-09	7	1766	1047
CCA	C	G	0	1.7760e-09	8	1580	963
CCA	C	G	0	1.7760e-09	9	1180	682
CCA	C	G	0	1.7760e-09	10	1039	624
CCA	C	G	0	1.7760e-09	NA	335	188
CCA	C	T	0	6.7244e-09	1	14900	8545
CCA	C	T	0	6.7244e-09	2	11574	6633
CCA	C	T	0	6.7244e-09	3	10627	6020
CCA	C	T	0	6.7244e-09	4	9738	5508
CCA	C	T	0	6.7244e-09	5	9379	5286
CCA	C	T	0	6.7244e-09	6	8158	4591
CCA	C	T	0	6.7244e-09	7	7193	3974
CCA	C	T	0	6.7244e-09	8	6091	3400
CCA	C	T	0	6.7244e-09	9	4524	2493
CCA	C	T	0	6.7244e-09	10	3782	1988
CCA	C	T	0	6.7244e-09	NA	1111	604
CCC	C	A	0	3.0275e-09	1	2831	1610
CCC	C	A	0	3.0275e-09	2	2138	1231
CCC	C	A	0	3.0275e-09	3	1973	1133
CCC	C	A	0	3.0275e-09	4	1843	1080
CCC	C	A	0	3.0275e-09	5	1725	997
CCC	C	A	0	3.0275e-09	6	1465	829
CCC	C	A	0	3.0275e-09	7	1345	759
CCC	C	A	0	3.0275e-09	8	1165	693
CCC	C	A	0	3.0275e-09	9	948	530
CCC	C	A	0	3.0275e-09	10	794	441
CCC	C	A	0	3.0275e-09	NA	264	149
CCC	C	G	0	3.2054e-09	1	3843	2236
CCC	C	G	0	3.2054e-09	2	2786	1674
CCC	C	G	0	3.2054e-09	3	2576	1509
CCC	C	G	0	3.2054e-09	4	2342	1409
CCC	C	G	0	3.2054e-09	5	2179	1314
CCC	C	G	0	3.2054e-09	6	1961	1111
CCC	C	G	0	3.2054e-09	7	1627	939
CCC	C	G	0	3.2054e-09	8	1431	853
CCC	C	G	0	3.2054e-09	9	1052	596
CCC	C	G	0	3.2054e-09	10	835	464
CCC	C	G	0	3.2054e-09	NA	267	157
CCC	C	T	0	8.5724e-09	1	10553	5775
CCC	C	T	0	8.5724e-09	2	7729	4205
CCC	C	T	0	8.5724e-09	3	7232	3969
CCC	C	T	0	8.5724e-09	4	6841	3694
CCC	C	T	0	8.5724e-09	5	6325	3414
CCC	C	T	0	8.5724e-09	6	5396	2870
CCC	C	T	0	8.5724e-09	7	4917	2631
CCC	C	T	0	8.5724e-09	8	4192	2231
CCC	C	T	0	8.5724e-09	9	2860	1527
CCC	C	T	0	8.5724e-09	10	2420	1241
CCC	C	T	0	8.5724e-09	NA	871	433
CCG	C	A	0	5.1901e-09	1	3629	2080
CCG	C	A	0	5.1901e-09	2	3116	1752
CCG	C	A	0	5.1901e-09	3	2741	1553
CCG	C	A	0	5.1901e-09	4	2495	1417
CCG	C	A	0	5.1901e-09	5	2266	1242
CCG	C	A	0	5.1901e-09	6	2082	1161
CCG	C	A	0	5.1901e-09	7	1849	1032
CCG	C	A	0	5.1901e-09	8	1708	910
CCG	C	A	0	5.1901e-09	9	1219	633
CCG	C	A	0	5.1901e-09	10	939	501
CCG	C	A	0	5.1901e-09	NA	334	180
CCG	C	G	0	5.3627e-09	1	3813	2103
CCG	C	G	0	5.3627e-09	2	3221	1737
CCG	C	G	0	5.3627e-09	3	2896	1574
CCG	C	G	0	5.3627e-09	4	2572	1367
CCG	C	G	0	5.3627e-09	5	2355	1286
CCG	C	G	0	5.3627e-09	6	2150	1141
CCG	C	G	0	5.3627e-09	7	1970	1031
CCG	C	G	0	5.3627e-09	8	1732	938
CCG	C	G	0	5.3627e-09	9	1198	632
CCG	C	G	0	5.3627e-09	10	1021	517
CCG	C	G	0	5.3627e-09	NA	307	156
CCG	C	T	0	2.0993e-08	1	925	408
CCG	C	T	0	2.0993e-08	2	1116	468
CCG	C	T	0	2.0993e-08	3	964	438
CCG	C	T	0	2.0993e-08	4	899	392
CCG	C	T	0	2.0993e-08	5	790	349
CCG	C	T	0	2.0993e-08	6	790	351
CCG	C	T	0	2.0993e-08	7	669	279
CCG	C	T	0	2.0993e-08	8	652	287
CCG	C	T	0	2.0993e-08	9	507	236
CCG	C	T	0	2.0993e-08	10	549	205
CCG	C	T	0	2.0993e-08	NA	43	21
CCG	C	T	1	8.2387e-08	1	632	144
CCG	C	T	1	8.2387e-08	2	607	168
CCG	C	T	1	8.2387e-08	3	549	147
CCG	C	T	1	8.2387e-08	4	655	164
CCG	C	T	1	8.2387e-08	5	653	145
CCG	C	T	1	8.2387e-08	6	599	156
CCG	C	T	1	8.2387e-08	7	601	165
CCG	C	T	1	8.2387e-08	8	507	141
CCG	C	T	1	8.2387e-08	9	388	101
CCG	C	T	1	8.2387e-08	10	320	75
CCG	C	T	1	8.2387e-08	NA	81	10
CCG	C	T	2	1.2483e-07	1	22946	2397
CCG	C	T	2	1.2483e-07	2	17547	1882
CCG	C	T	2	1.2483e-07	3	15213	1545
CCG	C	T	2	1.2483e-07	4	13459	1343
CCG	C	T	2	1.2483e-07	5	12167	1116
CCG	C	T	2	1.2483e-07	6	10201	1055
CCG	C	T	2	1.2483e-07	7	8893	908
CCG	C	T	2	1.2483e-07	8	7570	750
CCG	C	T	2	1.2483e-07	9	5042	488
CCG	C	T	2	1.2483e-07	10	3422	317
CCG	C	T	2	1.2483e-07	NA	1423	222
CCT	C	A	0	1.7092e-09	1	932	580
CCT	C	A	0	1.7092e-09	2	758	465
CCT	C	A	0	1.7092e-09	3	716	435
CCT	C	A	0	1.7092e-09	4	718	442
CCT	C	A	0	1.7092e-09	5	656	402
CCT	C	A	0	1.7092e-09	6	578	333
CCT	C	A	0	1.7092e-09	7	550	322
CCT	C	A	0	1.7092e-09	8	497	300
CCT	C	A	0	1.7092e-09	9	419	235
CCT	C	A	0	1.7092e-09	10	429	237
CCT	C	A	0	1.7092e-09	NA	179	99
CCT	C	G	0	2.6842e-09	1	2550	1473
CCT	C	G	0	2.6842e-09	2	1849	1098
CCT	C	G	0	2.6842e-09	3	1609	960
CCT	C	G	0	2.6842e-09	4	1543	946
CCT	C	G	0	2.6842e-09	5	1475	860
CCT	C	G	0	2.6842e-09	6	1262	743
CCT	C	G	0	2.6842e-09	7	1089	661
CCT	C	G	0	2.6842e-09	8	979	585
CCT	C	G	0	2.6842e-09	9	817	466
CCT	C	G	0	2.6842e-09	10	673	379
CCT	C	G	0	2.6842e-09	NA	291	168
CCT	C	T	0	8.1422e-09	1	18661	10276
CCT	C	T	0	8.1422e-09	2	14274	7826
CCT	C	T	0	8.1422e-09	3	13076	7166
CCT	C	T	0	8.1422e-09	4	12353	6884
CCT	C	T	0	8.1422e-09	5	11792	6555
CCT	C	T	0	8.1422e-09	6	10419	5697
CCT	C	T	0	8.1422e-09	7	9127	4980
CCT	C	T	0	8.1422e-09	8	7895	4242
CCT	C	T	0	8.1422e-09	9	5752	3138
CCT	C	T	0	8.1422e-09	10	5063	2573
CCT	C	T	0	8.1422e-09	NA	1664	824
GAA	A	C	0	1.2103e-09	1	791	477
GAA	A	C	0	1.2103e-09	2	524	324
GAA	A	C	0	1.2103e-09	3	446	273
GAA	A	C	0	1.2103e-09	4	448	276
GAA	A	C	0	1.2103e-09	5	409	241
GAA	A	C	0	1.2103e-09	6	385	241
GAA	A	C	0	1.2103e-09	7	299	175
GAA	A	C	0	1.2103e-09	8	245	148
GAA	A	C	0	1.2103e-09	9	199	123
GAA	A	C	0	1.2103e-09	10	143	84
GAA	A	C	0	1.2103e-09	NA	64	44
GAA	A	G	0	3.0181e-09	1	2865	1714
GAA	A	G	0	3.0181e-09	2	2020	1173
GAA	A	G	0	3.0181e-09	3	1803	1034
GAA	A	G	0	3.0181e-09	4	1649	986
GAA	A	G	0	3.0181e-09	5	1622	936
GAA	A	G	0	3.0181e-09	6	1455	842
GAA	A	G	0	3.0181e-09	7	1264	717
GAA	A	G	0	3.0181e-09	8	1012	589
GAA	A	G	0	3.0181e-09	9	861	489
GAA	A	G	0	3.0181e-09	10	654	359
GAA	A	G	0	3.0181e-09	NA	229	133
GAA	A	T	0	9.4166e-10	1	690	435
GAA	A	T	0	9.4166e-10	2	522	349
GAA	A	T	0	9.4166e-10	3	435	276
GAA	A	T	0	9.4166e-10	4	407	250
GAA	A	T	0	9.4166e-10	5	391	247
GAA	A	T	0	9.4166e-10	6	359	229
GAA	A	T	0	9.4166e-10	7	302	194
GAA	A	T	0	9.4166e-10	8	228	133
GAA	A	T	0	9.4166e-10	9	220	136
GAA	A	T	0	9.4166e-10	10	150	89
GAA	A	T	0	9.4166e-10	NA	51	35
GAC	A	C	0	1.0495e-09	1	401	248
GAC	A	C	0	1.0495e-09	2	275	146
GAC	A	C	0	1.0495e-09	3	216	125
GAC	A	C	0	1.0495e-09	4	204	131
GAC	A	C	0	1.0495e-09	5	191	123
GAC	A	C	0	1.0495e-09	6	149	86
GAC	A	C	0	1.0495e-09	7	151	91
GAC	A	C	0	1.0495e-09	8	134	78
GAC	A	C	0	1.0495e-09	9	95	53
GAC	A	C	0	1.0495e-09	10	92	57
GAC	A	C	0	1.0495e-09	NA	34	21
GAC	A	G	0	4.2353e-09	1	2419	1421
GAC	A	G	0	4.2353e-09	2	1669	1003
GAC	A	G	0	4.2353e-09	3	1407	863
GAC	A	G	0	4.2353e-09	4	1396	787
GAC	A	G	0	4.2353e-09	5	1350	757
GAC	A	G	0	4.2353e-09	6	1200	688
GAC	A	G	0	4.2353e-09	7	957	572
GAC	A	G	0	4.2353e-09	8	773	428
GAC	A	G	0	4.2353e-09	9	627	353
GAC	A	G	0	4.2353e-09	10	616	342
GAC	A	G	0	4.2353e-09	NA	266	140
GAC	A	T	0	1.8684e-09	1	531	334
GAC	A	T	0	1.8684e-09	2	344	217
GAC	A	T	0	1.8684e-09	3	301	182
GAC	A	T	0	1.8684e-09	4	298	167
GAC	A	T	0	1.8684e-09	5	266	170
GAC	A	T	0	1.8684e-09	6	254	173
GAC	A	T	0	1.8684e-09	7	190	122
GAC	A	T	0	1.8684e-09	8	162	88
GAC	A	T	0	1.8684e-09	9	95	61
GAC	A	T	0	1.8684e-09	10	123	69
GAC	A	T	0	1.8684e-09	NA	47	28
GAG	A	C	0	1.2532e-09	1	1931	1190
GAG	A	C	0	1.2532e-09	2	1301	766
GAG	A	C	0	1.2532e-09	3	1142	701
GAG	A	C	0	1.2532e-09	4	1137	672
GAG	A	C	0	1.2532e-09	5	1053	646
GAG	A	C	0	1.2532e-09	6	970	580
GAG	A	C	0	1.2532e-09	7	774	468
GAG	A	C	0	1.2532e-09	8	652	375
GAG	A	C	0	1.2532e-09	9	502	297
GAG	A	C	0	1.2532e-09	10	416	243
GAG	A	C	0	1.2532e-09	NA	166	97
GAG	A	G	0	3.1245e-09	1	4366	2671
GAG	A	G	0	3.1245e-09	2	3012	1807
GAG	A	G	0	3.1245e-09	3	2674	1624
GAG	A	G	0	3.1245e-09	4	2497	1487
GAG	A	G	0	3.1245e-09	5	2323	1374
GAG	A	G	0	3.1245e-09	6	2083	1249
GAG	A	G	0	3.1245e-09	7	1684	960
GAG	A	G	0	3.1245e-09	8	1399	791
GAG	A	G	0	3.1245e-09	9	1050	597
GAG	A	G	0	3.1245e-09	10	851	491
GAG	A	G	0	3.1245e-09	NA	371	210
GAG	A	T	0	1.1340e-09	1	1343	847
GAG	A	T	0	1.1340e-09	2	842	530
GAG	A	T	0	1.1340e-09	3	743	453
GAG	A	T	0	1.1340e-09	4	712	445
GAG	A	T	0	1.1340e-09	5	634	408
GAG	A	T	0	1.1340e-09	6	600	399
GAG	A	T	0	1.1340e-09	7	494	298
GAG	A	T	0	1.1340e-09	8	412	246
GAG	A	T	0	1.1340e-09	9	307	187
GAG	A	T	0	1.1340e-09	10	281	159
GAG	A	T	0	1.1340e-09	NA	119	68
GAT	A	C	0	1.0943e-09	1	142	91
GAT	A	C	0	1.0943e-09	2	86	48
GAT	A	C	0	1.0943e-09	3	100	66
GAT	A	C	0	1.0943e-09	4	93	58
GAT	A	C	0	1.0943e-09	5	83	42
GAT	A	C	0	1.0943e-09	6	67	41
GAT	A	C	0	1.0943e-09	7	74	45
GAT	A	C	0	1.0943e-09	8	53	33
GAT	A	C	0	1.0943e-09	9	34	19
GAT	A	C	0	1.0943e-09	10	39	20
GAT	A	C	0	1.0943e-09	NA	21	9
GAT	A	G	0	5.3443e-09	1	3004	1737
GAT	A	G	0	5.3443e-09	2	2076	1208
GAT	A	G	0	5.3443e-09	3	1829	1049
GAT	A	G	0	5.3443e-09	4	1709	991
GAT	A	G	0	5.3443e-09	5	1637	908
GAT	A	G	0	5.3443e-09	6	1588	880
GAT	A	G	0	5.3443e-09	7	1297	726
GAT	A	G	0	5.3443e-09	8	988	554
GAT	A	G	0	5.3443e-09	9	827	440
GAT	A	G	0	5.3443e-09	10	677	388
GAT	A	G	0	5.3443e-09	NA	286	157
GAT	A	T	0	2.9242e-09	1	365	218
GAT	A	T	0	2.9242e-09	2	230	129
GAT	A	T	0	2.9242e-09	3	210	124
GAT	A	T	0	2.9242e-09	4	202	119
GAT	A	T	0	2.9242e-09	5	172	103
GAT	A	T	0	2.9242e-09	6	164	92
GAT	A	T	0	2.9242e-09	7	136	82
GAT	A	T	0	2.9242e-09	8	101	51
GAT	A	T	0	2.9242e-09	9	83	48
GAT	A	T	0	2.9242e-09	10	84	49
GAT	A	T	0	2.9242e-09	NA	43	21
GCA	C	A	0	3.3394e-09	1	2131	1240
GCA	C	A	0	3.3394e-09	2	1710	1041
GCA	C	A	0	3.3394e-09	3	1648	977
GCA	C	A	0	3.3394e-09	4	1619	931
GCA	C	A	0	3.3394e-09	5	1445	827
GCA	C	A	0	3.3394e-09	6	1332	753
GCA	C	A	0	3.3394e-09	7	1143	642
GCA	C	A	0	3.3394e-09	8	977	576
GCA	C	A	0	3.3394e-09	9	756	424
GCA	C	A	0	3.3394e-09	10	615	338
GCA	C	A	0	3.3394e-09	NA	227	135
GCA	C	G	0	1.6675e-09	1	1624	997
GCA	C	G	0	1.6675e-09	2	1246	767
GCA	C	G	0	1.6675e-09	3	1177	697
GCA	C	G	0	1.6675e-09	4	1032	614
GCA	C	G	0	1.6675e-09	5	985	593
GCA	C	G	0	1.6675e-09	6	932	549
GCA	C	G	0	1.6675e-09	7	822	507
GCA	C	G	0	1.6675e-09	8	696	432
GCA	C	G	0	1.6675e-09	9	521	311
GCA	C	G	0	1.6675e-09	10	447	275
GCA	C	G	0	1.6675e-09	NA	159	81
GCA	C	T	0	6.8845e-09	1	10041	5689
GCA	C	T	0	6.8845e-09	2	7680	4359
GCA	C	T	0	6.8845e-09	3	6995	3966
GCA	C	T	0	6.8845e-09	4	6513	3703
GCA	C	T	0	6.8845e-09	5	5897	3274
GCA	C	T	0	6.8845e-09	6	5146	2864
GCA	C	T	0	6.8845e-09	7	4692	2596
GCA	C	T	0	6.8845e-09	8	4041	2264
GCA	C	T	0	6.8845e-09	9	2986	1636
GCA	C	T	0	6.8845e-09	10	2559	1326
GCA	C	T	0	6.8845e-09	NA	846	395
GCC	C	A	0	3.7538e-09	1	1729	1020
GCC	C	A	0	3.7538e-09	2	1361	791
GCC	C	A	0	3.7538e-09	3	1259	736
GCC	C	A	0	3.7538e-09	4	1254	732
GCC	C	A	0	3.7538e-09	5	1050	616
GCC	C	A	0	3.7538e-09	6	1021	599
GCC	C	A	0	3.7538e-09	7	861	494
GCC	C	A	0	3.7538e-09	8	710	410
GCC	C	A	0	3.7538e-09	9	516	301
GCC	C	A	0	3.7538e-09	10	479	266
GCC	C	A	0	3.7538e-09	NA	147	88
GCC	C	G	0	2.2808e-09	1	1111	711
GCC	C	G	0	2.2808e-09	2	807	502
GCC	C	G	0	2.2808e-09	3	770	460
GCC	C	G	0	2.2808e-09	4	763	465
GCC	C	G	0	2.2808e-09	5	636	385
GCC	C	G	0	2.2808e-09	6	627	357
GCC	C	G	0	2.2808e-09	7	573	318
GCC	C	G	0	2.2808e-09	8	441	241
GCC	C	G	0	2.2808e-09	9	322	205
GCC	C	G	0	2.2808e-09	10	258	167
GCC	C	G	0	2.2808e-09	NA	113	61
GCC	C	T	0	8.6359e-09	1	7959	4376
GCC	C	T	0	8.6359e-09	2	6154	3316
GCC	C	T	0	8.6359e-09	3	5601	2970
GCC	C	T	0	8.6359e-09	4	5223	2823
GCC	C	T	0	8.6359e-09	5	4877	2673
GCC	C	T	0	8.6359e-09	6	4278	2291
GCC	C	T	0	8.6359e-09	7	3848	2062
GCC	C	T	0	8.6359e-09	8	3305	1763
GCC	C	T	0	8.6359e-09	9	2344	1225
GCC	C	T	0	8.6359e-09	10	2192	1047
GCC	C	T	0	8.6359e-09	NA	713	344
GCG	C	A	0	8.8520e-09	1	3451	1856
GCG	C	A	0	8.8520e-09	2	2673	1459
GCG	C	A	0	8.8520e-09	3	2472	1323
GCG	C	A	0	8.8520e-09	4	2259	1190
GCG	C	A	0	8.8520e-09	5	2128	1156
GCG	C	A	0	8.8520e-09	6	1866	968
GCG	C	A	0	8.8520e-09	7	1723	903
GCG	C	A	0	8.8520e-09	8	1379	712
GCG	C	A	0	8.8520e-09	9	1009	534
GCG	C	A	0	8.8520e-09	10	800	394
GCG	C	A	0	8.8520e-09	NA	194	102
GCG	C	G	0	3.9695e-09	1	1181	689
GCG	C	G	0	3.9695e-09	2	1027	587
GCG	C	G	0	3.9695e-09	3	883	511
GCG	C	G	0	3.9695e-09	4	797	451
GCG	C	G	0	3.9695e-09	5	727	429
GCG	C	G	0	3.9695e-09	6	701	416
GCG	C	G	0	3.9695e-09	7	643	368
GCG	C	G	0	3.9695e-09	8	570	318
GCG	C	G	0	3.9695e-09	9	409	229
GCG	C	G	0	3.9695e-09	10	353	184
GCG	C	G	0	3.9695e-09	NA	84	41
GCG	C	T	0	1.4846e-08	1	576	263
GCG	C	T	0	1.4846e-08	2	701	305
GCG	C	T	0	1.4846e-08	3	593	277
GCG	C	T	0	1.4846e-08	4	571	277
GCG	C	T	0	1.4846e-08	5	489	217
GCG	C	T	0	1.4846e-08	6	581	262
GCG	C	T	0	1.4846e-08	7	469	206
GCG	C	T	0	1.4846e-08	8	437	211
GCG	C	T	0	1.4846e-08	9	328	139
GCG	C	T	0	1.4846e-08	10	367	164
GCG	C	T	0	1.4846e-08	NA	22	7
GCG	C	T	1	7.0178e-08	1	356	90
GCG	C	T	1	7.0178e-08	2	348	111
GCG	C	T	1	7.0178e-08	3	305	97
GCG	C	T	1	7.0178e-08	4	363	113
GCG	C	T	1	7.0178e-08	5	393	111
GCG	C	T	1	7.0178e-08	6	358	112
GCG	C	T	1	7.0178e-08	7	384	128
GCG	C	T	1	7.0178e-08	8	323	96
GCG	C	T	1	7.0178e-08	9	241	79
GCG	C	T	1	7.0178e-08	10	181	37
GCG	C	T	1	7.0178e-08	NA	34	12
GCG	C	T	2	1.2296e-07	1	15644	1980
GCG	C	T	2	1.2296e-07	2	11549	1479
GCG	C	T	2	1.2296e-07	3	10460	1266
GCG	C	T	2	1.2296e-07	4	9166	1058
GCG	C	T	2	1.2296e-07	5	8134	1008
GCG	C	T	2	1.2296e-07	6	6540	752
GCG	C	T	2	1.2296e-07	7	5932	724
GCG	C	T	2	1.2296e-07	8	4760	588
GCG	C	T	2	1.2296e-07	9	3296	367
GCG	C	T	2	1.2296e-07	10	2314	268
GCG	C	T	2	1.2296e-07	NA	769	110
GCT	C	A	0	2.0008e-09	1	381	225
GCT	C	A	0	2.0008e-09	2	329	195
GCT	C	A	0	2.0008e-09	3	309	202
GCT	C	A	0	2.0008e-09	4	319	189
GCT	C	A	0	2.0008e-09	5	310	176
GCT	C	A	0	2.0008e-09	6	258	154
GCT	C	A	0	2.0008e-09	7	266	165
GCT	C	A	0	2.0008e-09	8	227	139
GCT	C	A	0	2.0008e-09	9	186	116
GCT	C	A	0	2.0008e-09	10	182	106
GCT	C	A	0	2.0008e-09	NA	62	36
GCT	C	G	0	2.3044e-09	1	603	356
GCT	C	G	0	2.3044e-09	2	466	282
GCT	C	G	0	2.3044e-09	3	397	238
GCT	C	G	0	2.3044e-09	4	372	220
GCT	C	G	0	2.3044e-09	5	384	221
GCT	C	G	0	2.3044e-09	6	310	183
GCT	C	G	0	2.3044e-09	7	320	211
GCT	C	G	0	2.3044e-09	8	239	144
GCT	C	G	0	2.3044e-09	9	206	123
GCT	C	G	0	2.3044e-09	10	181	98
GCT	C	G	0	2.3044e-09	NA	58	30
GCT	C	T	0	7.7891e-09	1	14601	8189
GCT	C	T	0	7.7891e-09	2	10824	5995
GCT	C	T	0	7.7891e-09	3	9918	5553
GCT	C	T	0	7.7891e-09	4	9097	5006
GCT	C	T	0	7.7891e-09	5	8785	4898
GCT	C	T	0	7.7891e-09	6	7633	4266
GCT	C	T	0	7.7891e-09	7	6562	3598
GCT	C	T	0	7.7891e-09	8	5685	3088
GCT	C	T	0	7.7891e-09	9	4067	2205
GCT	C	T	0	7.7891e-09	10	3608	1801
GCT	C	T	0	7.7891e-09	NA	1361	613
TAA	A	C	0	1.3516e-09	1	641	402
TAA	A	C	0	1.3516e-09	2	436	283
TAA	A	C	0	1.3516e-09	3	355	211
TAA	A	C	0	1.3516e-09	4	315	203
TAA	A	C	0	1.3516e-09	5	299	163
TAA	A	C	0	1.3516e-09	6	293	171
TAA	A	C	0	1.3516e-09	7	236	153
TAA	A	C	0	1.3516e-09	8	195	127
TAA	A	C	0	1.3516e-09	9	141	81
TAA	A	C	0	1.3516e-09	10	124	65
TAA	A	C	0	1.3516e-09	NA	58	29
TAA	A	G	0	4.1342e-09	1	3478	1996
TAA	A	G	0	4.1342e-09	2	2464	1390
TAA	A	G	0	4.1342e-09	3	2015	1158
TAA	A	G	0	4.1342e-09	4	1859	1029
TAA	A	G	0	4.1342e-09	5	1705	978
TAA	A	G	0	4.1342e-09	6	1702	984
TAA	A	G	0	4.1342e-09	7	1368	808
TAA	A	G	0	4.1342e-09	8	1055	538
TAA	A	G	0	4.1342e-09	9	903	509
TAA	A	G	0	4.1342e-09	10	678	364
TAA	A	G	0	4.1342e-09	NA	250	123
TAA	A	T	0	1.8172e-09	1	631	399
TAA	A	T	0	1.8172e-09	2	459	297
TAA	A	T	0	1.8172e-09	3	373	253
TAA	A	T	0	1.8172e-09	4	334	201
TAA	A	T	0	1.8172e-09	5	304	190
TAA	A	T	0	1.8172e-09	6	287	161
TAA	A	T	0	1.8172e-09	7	254	162
TAA	A	T	0	1.8172e-09	8	184	112
TAA	A	T	0	1.8172e-09	9	145	79
TAA	A	T	0	1.8172e-09	10	131	70
TAA	A	T	0	1.8172e-09	NA	64	34
TAC	A	C	0	1.0244e-09	1	373	228
TAC	A	C	0	1.0244e-09	2	256	153
TAC	A	C	0	1.0244e-09	3	238	144
TAC	A	C	0	1.0244e-09	4	182	103
TAC	A	C	0	1.0244e-09	5	197	114
TAC	A	C	0	1.0244e-09	6	202	124
TAC	A	C	0	1.0244e-09	7	159	82
TAC	A	C	0	1.0244e-09	8	126	69
TAC	A	C	0	1.0244e-09	9	94	52
TAC	A	C	0	1.0244e-09	10	89	45
TAC	A	C	0	1.0244e-09	NA	51	23
TAC	A	G	0	6.1812e-09	1	3295	1813
TAC	A	G	0	6.1812e-09	2	2165	1175
TAC	A	G	0	6.1812e-09	3	1825	970
TAC	A	G	0	6.1812e-09	4	1708	940
TAC	A	G	0	6.1812e-09	5	1624	864
TAC	A	G	0	6.1812e-09	6	1457	766
TAC	A	G	0	6.1812e-09	7	1159	608
TAC	A	G	0	6.1812e-09	8	934	496
TAC	A	G	0	6.1812e-09	9	709	382
TAC	A	G	0	6.1812e-09	10	565	294
TAC	A	G	0	6.1812e-09	NA	261	151
TAC	A	T	0	1.1486e-09	1	359	216
TAC	A	T	0	1.1486e-09	2	256	158
TAC	A	T	0	1.1486e-09	3	194	133
TAC	A	T	0	1.1486e-09	4	208	129
TAC	A	T	0	1.1486e-09	5	173	105
TAC	A	T	0	1.1486e-09	6	177	108
TAC	A	T	0	1.1486e-09	7	141	88
TAC	A	T	0	1.1486e-09	8	119	68
TAC	A	T	0	1.1486e-09	9	90	59
TAC	A	T	0	1.1486e-09	10	74	39
TAC	A	T	0	1.1486e-09	NA	53	30
TAG	A	C	0	1.0799e-09	1	994	641
TAG	A	C	0	1.0799e-09	2	691	434
TAG	A	C	0	1.0799e-09	3	544	358
TAG	A	C	0	1.0799e-09	4	554	340
TAG	A	C	0	1.0799e-09	5	517	327
TAG	A	C	0	1.0799e-09	6	486	305
TAG	A	C	0	1.0799e-09	7	391	244
TAG	A	C	0	1.0799e-09	8	251	161
TAG	A	C	0	1.0799e-09	9	218	134
TAG	A	C	0	1.0799e-09	10	215	124
TAG	A	C	0	1.0799e-09	NA	85	55
TAG	A	G	0	5.1781e-09	1	4284	2432
TAG	A	G	0	5.1781e-09	2	2938	1711
TAG	A	G	0	5.1781e-09	3	2486	1402
TAG	A	G	0	5.1781e-09	4	2245	1288
TAG	A	G	0	5.1781e-09	5	2130	1220
TAG	A	G	0	5.1781e-09	6	1854	1024
TAG	A	G	0	5.1781e-09	7	1506	822
TAG	A	G	0	5.1781e-09	8	1187	660
TAG	A	G	0	5.1781e-09	9	953	488
TAG	A	G	0	5.1781e-09	10	735	395
TAG	A	G	0	5.1781e-09	NA	310	157
TAG	A	T	0	1.0818e-09	1	784	487
TAG	A	T	0	1.0818e-09	2	543	343
TAG	A	T	0	1.0818e-09	3	448	283
TAG	A	T	0	1.0818e-09	4	433	267
TAG	A	T	0	1.0818e-09	5	373	239
TAG	A	T	0	1.0818e-09	6	342	226
TAG	A	T	0	1.0818e-09	7	290	181
TAG	A	T	0	1.0818e-09	8	223	146
TAG	A	T	0	1.0818e-09	9	154	86
TAG	A	T	0	1.0818e-09	10	164	88
TAG	A	T	0	1.0818e-09	NA	96	60
TAT	A	C	0	1.1890e-09	1	211	132
TAT	A	C	0	1.1890e-09	2	115	65
TAT	A	C	0	1.1890e-09	3	128	76
TAT	A	C	0	1.1890e-09	4	129	71
TAT	A	C	0	1.1890e-09	5	112	72
TAT	A	C	0	1.1890e-09	6	98	64
TAT	A	C	0	1.1890e-09	7	87	50
TAT	A	C	0	1.1890e-09	8	70	40
TAT	A	C	0	1.1890e-09	9	58	28
TAT	A	C	0	1.1890e-09	10	62	38
TAT	A	C	0	1.1890e-09	NA	30	13
TAT	A	G	0	1.1196e-08	1	5951	2891
TAT	A	G	0	1.1196e-08	2	4281	2101
TAT	A	G	0	1.1196e-08	3	3632	1771
TAT	A	G	0	1.1196e-08	4	3373	1668
TAT	A	G	0	1.1196e-08	5	3126	1550
TAT	A	G	0	1.1196e-08	6	3066	1578
TAT	A	G	0	1.1196e-08	7	2395	1181
TAT	A	G	0	1.1196e-08	8	1890	964
TAT	A	G	0	1.1196e-08	9	1576	810
TAT	A	G	0	1.1196e-08	10	1235	571
TAT	A	G	0	1.1196e-08	NA	464	213
TAT	A	T	0	1.8687e-09	1	241	155
TAT	A	T	0	1.8687e-09	2	165	93
TAT	A	T	0	1.8687e-09	3	159	98
TAT	A	T	0	1.8687e-09	4	156	99
TAT	A	T	0	1.8687e-09	5	171	108
TAT	A	T	0	1.8687e-09	6	98	65
TAT	A	T	0	1.8687e-09	7	90	52
TAT	A	T	0	1.8687e-09	8	76	52
TAT	A	T	0	1.8687e-09	9	75	52
TAT	A	T	0	1.8687e-09	10	65	37
TAT	A	T	0	1.8687e-09	NA	39	23
TCA	C	A	0	2.3099e-09	1	1938	1205
TCA	C	A	0	2.3099e-09	2	1536	958
TCA	C	A	0	2.3099e-09	3	1405	868
TCA	C	A	0	2.3099e-09	4	1330	799
TCA	C	A	0	2.3099e-09	5	1260	723
TCA	C	A	0	2.3099e-09	6	1052	639
TCA	C	A	0	2.3099e-09	7	1003	596
TCA	C	A	0	2.3099e-09	8	823	492
TCA	C	A	0	2.3099e-09	9	665	384
TCA	C	A	0	2.3099e-09	10	630	346
TCA	C	A	0	2.3099e-09	NA	242	136
TCA	C	G	0	2.1414e-09	1	2343	1388
TCA	C	G	0	2.1414e-09	2	1827	1126
TCA	C	G	0	2.1414e-09	3	1755	1052
TCA	C	G	0	2.1414e-09	4	1594	935
TCA	C	G	0	2.1414e-09	5	1460	852
TCA	C	G	0	2.1414e-09	6	1332	786
TCA	C	G	0	2.1414e-09	7	1173	720
TCA	C	G	0	2.1414e-09	8	931	562
TCA	C	G	0	2.1414e-09	9	754	429
TCA	C	G	0	2.1414e-09	10	638	352
TCA	C	G	0	2.1414e-09	NA	239	145
TCA	C	T	0	5.7989e-09	1	9803	5635
TCA	C	T	0	5.7989e-09	2	7872	4483
TCA	C	T	0	5.7989e-09	3	7325	4105
TCA	C	T	0	5.7989e-09	4	6822	3818
TCA	C	T	0	5.7989e-09	5	6440	3576
TCA	C	T	0	5.7989e-09	6	5632	3107
TCA	C	T	0	5.7989e-09	7	5052	2852
TCA	C	T	0	5.7989e-09	8	4122	2295
TCA	C	T	0	5.7989e-09	9	3178	1733
TCA	C	T	0	5.7989e-09	10	2601	1396
TCA	C	T	0	5.7989e-09	NA	919	496
TCC	C	A	0	2.5995e-09	1	1994	1201
TCC	C	A	0	2.5995e-09	2	1552	909
TCC	C	A	0	2.5995e-09	3	1497	893
TCC	C	A	0	2.5995e-09	4	1386	829
TCC	C	A	0	2.5995e-09	5	1309	802
TCC	C	A	0	2.5995e-09	6	1205	708
TCC	C	A	0	2.5995e-09	7	1155	664
TCC	C	A	0	2.5995e-09	8	928	547
TCC	C	A	0	2.5995e-09	9	772	469
TCC	C	A	0	2.5995e-09	10	668	370
TCC	C	A	0	2.5995e-09	NA	243	135
TCC	C	G	0	2.5440e-09	1	1753	1072
TCC	C	G	0	2.5440e-09	2	1297	787
TCC	C	G	0	2.5440e-09	3	1177	684
TCC	C	G	0	2.5440e-09	4	1154	709
TCC	C	G	0	2.5440e-09	5	1055	620
TCC	C	G	0	2.5440e-09	6	1083	634
TCC	C	G	0	2.5440e-09	7	878	500
TCC	C	G	0	2.5440e-09	8	774	452
TCC	C	G	0	2.5440e-09	9	578	336
TCC	C	G	0	2.5440e-09	10	525	294
TCC	C	G	0	2.5440e-09	NA	233	136
TCC	C	T	0	7.6664e-09	1	8499	4618
TCC	C	T	0	7.6664e-09	2	6735	3627
TCC	C	T	0	7.6664e-09	3	6408	3519
TCC	C	T	0	7.6664e-09	4	5914	3235
TCC	C	T	0	7.6664e-09	5	5659	3095
TCC	C	T	0	7.6664e-09	6	5165	2760
TCC	C	T	0	7.6664e-09	7	4592	2511
TCC	C	T	0	7.6664e-09	8	3854	2106
TCC	C	T	0	7.6664e-09	9	3003	1589
TCC	C	T	0	7.6664e-09	10	2489	1299
TCC	C	T	0	7.6664e-09	NA	922	468
TCG	C	A	0	5.1503e-09	1	2108	1222
TCG	C	A	0	5.1503e-09	2	1554	913
TCG	C	A	0	5.1503e-09	3	1363	810
TCG	C	A	0	5.1503e-09	4	1226	679
TCG	C	A	0	5.1503e-09	5	1181	695
TCG	C	A	0	5.1503e-09	6	1094	620
TCG	C	A	0	5.1503e-09	7	1009	562
TCG	C	A	0	5.1503e-09	8	816	461
TCG	C	A	0	5.1503e-09	9	557	309
TCG	C	A	0	5.1503e-09	10	459	241
TCG	C	A	0	5.1503e-09	NA	152	78
TCG	C	G	0	5.5213e-09	1	1128	624
TCG	C	G	0	5.5213e-09	2	911	528
TCG	C	G	0	5.5213e-09	3	815	449
TCG	C	G	0	5.5213e-09	4	715	386
TCG	C	G	0	5.5213e-09	5	646	346
TCG	C	G	0	5.5213e-09	6	682	373
TCG	C	G	0	5.5213e-09	7	583	314
TCG	C	G	0	5.5213e-09	8	471	245
TCG	C	G	0	5.5213e-09	9	366	196
TCG	C	G	0	5.5213e-09	10	281	143
TCG	C	G	0	5.5213e-09	NA	119	52
TCG	C	T	0	1.9329e-08	1	361	168
TCG	C	T	0	1.9329e-08	2	418	193
TCG	C	T	0	1.9329e-08	3	380	176
TCG	C	T	0	1.9329e-08	4	353	162
TCG	C	T	0	1.9329e-08	5	299	129
TCG	C	T	0	1.9329e-08	6	287	124
TCG	C	T	0	1.9329e-08	7	274	125
TCG	C	T	0	1.9329e-08	8	257	114
TCG	C	T	0	1.9329e-08	9	221	101
TCG	C	T	0	1.9329e-08	10	192	82
TCG	C	T	0	1.9329e-08	NA	20	9
TCG	C	T	1	7.2389e-08	1	307	69
TCG	C	T	1	7.2389e-08	2	284	72
TCG	C	T	1	7.2389e-08	3	261	74
TCG	C	T	1	7.2389e-08	4	302	87
TCG	C	T	1	7.2389e-08	5	351	93
TCG	C	T	1	7.2389e-08	6	288	85
TCG	C	T	1	7.2389e-08	7	284	63
TCG	C	T	1	7.2389e-08	8	270	69
TCG	C	T	1	7.2389e-08	9	227	58
TCG	C	T	1	7.2389e-08	10	168	37
TCG	C	T	1	7.2389e-08	NA	45	12
TCG	C	T	2	1.0005e-07	1	12620	1877
TCG	C	T	2	1.0005e-07	2	9732	1468
TCG	C	T	2	1.0005e-07	3	8928	1273
TCG	C	T	2	1.0005e-07	4	7842	1078
TCG	C	T	2	1.0005e-07	5	7304	1033
TCG	C	T	2	1.0005e-07	6	6269	909
TCG	C	T	2	1.0005e-07	7	5610	755
TCG	C	T	2	1.0005e-07	8	4433	628
TCG	C	T	2	1.0005e-07	9	3155	448
TCG	C	T	2	1.0005e-07	10	2069	260
TCG	C	T	2	1.0005e-07	NA	671	113
TCT	C	A	0	2.6557e-09	1	731	435
TCT	C	A	0	2.6557e-09	2	602	359
TCT	C	A	0	2.6557e-09	3	617	354
TCT	C	A	0	2.6557e-09	4	542	315
TCT	C	A	0	2.6557e-09	5	596	366
TCT	C	A	0	2.6557e-09	6	522	311
TCT	C	A	0	2.6557e-09	7	438	248
TCT	C	A	0	2.6557e-09	8	385	239
TCT	C	A	0	2.6557e-09	9	331	195
TCT	C	A	0	2.6557e-09	10	320	199
TCT	C	A	0	2.6557e-09	NA	147	82
TCT	C	G	0	3.5919e-09	1	1481	839
TCT	C	G	0	3.5919e-09	2	1158	638
TCT	C	G	0	3.5919e-09	3	1059	606
TCT	C	G	0	3.5919e-09	4	1046	622
TCT	C	G	0	3.5919e-09	5	1042	593
TCT	C	G	0	3.5919e-09	6	861	496
TCT	C	G	0	3.5919e-09	7	751	437
TCT	C	G	0	3.5919e-09	8	664	418
TCT	C	G	0	3.5919e-09	9	484	274
TCT	C	G	0	3.5919e-09	10	435	234
TCT	C	G	0	3.5919e-09	NA	164	82
TCT	C	T	0	5.5597e-09	1	11845	6832
TCT	C	T	0	5.5597e-09	2	9246	5238
TCT	C	T	0	5.5597e-09	3	8466	4878
TCT	C	T	0	5.5597e-09	4	7745	4429
TCT	C	T	0	5.5597e-09	5	7361	4091
TCT	C	T	0	5.5597e-09	6	6734	3829
TCT	C	T	0	5.5597e-09	7	5802	3272
TCT	C	T	0	5.5597e-09	8	4828	2704
TCT	C	T	0	5.5597e-09	9	3614	2038
TCT	C	T	0	5.5597e-09	10	3139	1665
TCT	C	T	0	5.5597e-09	NA	1050	581
